district,mandal,gp,female,male,transgender
KHAMMAM,ASWAPURAM,AMERDA,418,300.0,1.0
KHAMMAM,ASWAPURAM,AMMAGARIPALLI,532,390.0,2.0
KHAMMAM,ASWAPURAM,ANANDAPURAM,209,137.0,2.4959349593495936
KHAMMAM,ASWAPURAM,ASWAPURAM,1670,947.0,2.4959349593495936
KHAMMAM,ASWAPURAM,CHINTRIYALA,395,298.0,1.0
KHAMMAM,ASWAPURAM,GOLLAGUDEM,579,377.0,1.0
KHAMMAM,ASWAPURAM,GONDIGUDEM,756,580.0,3.0
KHAMMAM,ASWAPURAM,JAGGARAM,370,253.0,1.0
KHAMMAM,ASWAPURAM,MALLELAMADUGU,599,410.0,2.4959349593495936
KHAMMAM,ASWAPURAM,MITTAGUDEM,451,282.0,2.4959349593495936
KHAMMAM,ASWAPURAM,MONDIKUNTA,456,312.0,2.0
KHAMMAM,ASWAPURAM,NELLIPAKA,547,353.0,3.0
KHAMMAM,ASWAPURAM,THUMMALACHERUVU,837,662.0,5.0
KHAMMAM,ASWARAOPETA,ACHUTHAPURAM,351,272.0,2.4959349593495936
KHAMMAM,ASWARAOPETA,ANANTHARAM,312,254.0,1.0
KHAMMAM,ASWARAOPETA,ASUPAKA,1226,1006.0,5.0
KHAMMAM,ASWARAOPETA,ASWARAOPETA,515,350.0,7.0
KHAMMAM,ASWARAOPETA,BACHUVARIGUDEM,222,189.0,2.4959349593495936
KHAMMAM,ASWARAOPETA,GUMMADAVALLI,890,728.0,1.0
KHAMMAM,ASWARAOPETA,JAMMIGUDEM,398,317.0,3.0
KHAMMAM,ASWARAOPETA,KANNAIGUDEM,620,522.0,2.4959349593495936
KHAMMAM,ASWARAOPETA,KAVIDIGUNDLA,318,262.0,2.4959349593495936
KHAMMAM,ASWARAOPETA,KOTHA MAMILLAVARI GUDEM,285,250.0,1.0
KHAMMAM,ASWARAOPETA,NANDIPADU,761,594.0,3.0
KHAMMAM,ASWARAOPETA,NARAMVARIGUDEM,603,496.0,3.0
KHAMMAM,ASWARAOPETA,NARAYANA PURAM,903,762.0,2.0
KHAMMAM,ASWARAOPETA,OOTLAPALLI,731,579.0,2.4959349593495936
KHAMMAM,ASWARAOPETA,PERAIGUDEM,858,599.0,1.0
KHAMMAM,ASWARAOPETA,TIRUMALAKUNTA,697,545.0,2.0
KHAMMAM,BAYYARAM,BALAJIPETA,481,343.0,3.0
KHAMMAM,BAYYARAM,BAYYARAM,515,350.0,6.0
KHAMMAM,BAYYARAM,GOWRARAM,752,537.0,2.0
KHAMMAM,BAYYARAM,IRSULAPURAM,644,349.0,2.4959349593495936
KHAMMAM,BAYYARAM,KAMBALAPALLI,1094,825.0,1.0
KHAMMAM,BAYYARAM,KOTHAGUDEM,851,613.0,3.0
KHAMMAM,BAYYARAM,KOTHAPETA,1851,1237.0,3.0
KHAMMAM,BAYYARAM,RAMACHANDRAPURAM,570,414.0,4.0
KHAMMAM,BAYYARAM,UPPALAPADU,723,485.0,1.0
KHAMMAM,BAYYARAM,VENKATAPURAM,844,628.0,4.0
KHAMMAM,BAYYARAM,VENKATRAMPURAM,502,343.0,2.4959349593495936
KHAMMAM,BHADRACHALAM,BHADRACHALAM,515,350.0,2.4959349593495936
KHAMMAM,BHADRACHALAM,YETAPAKA,5,5.0,2.4959349593495936
KHAMMAM,BONAKAL,ALLAPADU,480,326.0,1.0
KHAMMAM,BONAKAL,BONAKAL,924,551.0,1.0
KHAMMAM,BONAKAL,BRAHMANAPALLE (K),353,242.0,2.0
KHAMMAM,BONAKAL,CHINNA BEERAVALLI,301,221.0,2.0
KHAMMAM,BONAKAL,CHIRUNOMULA,533,358.0,1.0
KHAMMAM,BONAKAL,CHOPPAKATLA PALEM,518,338.0,2.0
KHAMMAM,BONAKAL,GARLAPADU,124,87.0,2.4959349593495936
KHAMMAM,BONAKAL,GOVINDAPURAM,195,112.0,2.4959349593495936
KHAMMAM,BONAKAL,JANAKIPURAM,422,283.0,1.0
KHAMMAM,BONAKAL,KALAKOTA,485,321.0,1.0
KHAMMAM,BONAKAL,LAXMIPURAM,855,584.0,1.0
KHAMMAM,BONAKAL,MOTAMARRI,664,457.0,2.4959349593495936
KHAMMAM,BONAKAL,MUSTIKUNTLA,979,629.0,2.4959349593495936
KHAMMAM,BONAKAL,NARAYANAPURAM,331,218.0,1.0
KHAMMAM,BONAKAL,PEDDABEERAVALLI,389,231.0,1.0
KHAMMAM,BONAKAL,RAMAPURAM,227,164.0,2.0
KHAMMAM,BONAKAL,RAPALLI,217,175.0,2.4959349593495936
KHAMMAM,BONAKAL,RAVINOOTHALA,1007,683.0,2.0
KHAMMAM,BONAKAL,RAYANAPETA,335,243.0,2.0
KHAMMAM,BONAKAL,TUTIKUNTLA,440,271.0,1.0
KHAMMAM,BURGAMPAHAD,BURGAMPAHAD,1161,708.0,2.0
KHAMMAM,BURGAMPAHAD,IRVENDI,608,461.0,3.0
KHAMMAM,BURGAMPAHAD,LAKSHMIPURAM,465,328.0,1.0
KHAMMAM,BURGAMPAHAD,MORAMPALLE,1947,1361.0,7.0
KHAMMAM,BURGAMPAHAD,MUSALIMADUGU,715,458.0,2.4959349593495936
KHAMMAM,BURGAMPAHAD,NAGINENIPROLU,1053,678.0,1.0
KHAMMAM,BURGAMPAHAD,PINAPAKA PATTINAGAR,850,586.0,5.0
KHAMMAM,BURGAMPAHAD,SAARAPAKA,515,350.0,7.0
KHAMMAM,BURGAMPAHAD,TEKULACHERUVU,246,185.0,1.0
KHAMMAM,CHANDRUGONDA,ABBUGUDEM,449,375.0,2.4959349593495936
KHAMMAM,CHANDRUGONDA,ANNAPUREDDIPALLI,978,704.0,2.4959349593495936
KHAMMAM,CHANDRUGONDA,CHANDRUGONDA,1253,943.0,5.0
KHAMMAM,CHANDRUGONDA,DAMERACHERLA,524,438.0,2.0
KHAMMAM,CHANDRUGONDA,GANUGAPADU,882,635.0,1.0
KHAMMAM,CHANDRUGONDA,GUMPENA,369,272.0,2.0
KHAMMAM,CHANDRUGONDA,GURRAMGUDEM,529,380.0,2.4959349593495936
KHAMMAM,CHANDRUGONDA,MADDUKURU,366,212.0,2.4959349593495936
KHAMMAM,CHANDRUGONDA,MARRIGUDEM,424,357.0,2.4959349593495936
KHAMMAM,CHANDRUGONDA,NARSAPURAM,554,374.0,2.4959349593495936
KHAMMAM,CHANDRUGONDA,PEDDIREDDIGUDEM,1074,741.0,2.0
KHAMMAM,CHANDRUGONDA,PENTLAM,458,371.0,1.0
KHAMMAM,CHANDRUGONDA,POKALAGUDEM,818,646.0,2.4959349593495936
KHAMMAM,CHANDRUGONDA,RAVIKAMPADU,557,437.0,3.0
KHAMMAM,CHANDRUGONDA,THUNGARAM,530,378.0,1.0
KHAMMAM,CHANDRUGONDA,TIPPANAPALLI,900,654.0,2.4959349593495936
KHAMMAM,CHANDRUGONDA,VOOTUPALLI,279,222.0,2.4959349593495936
KHAMMAM,CHERLA,CHERLA,515,350.0,2.4959349593495936
KHAMMAM,CHERLA,DEVARAPALLI,671,525.0,2.4959349593495936
KHAMMAM,CHERLA,GOMMUGUDEM,219,134.0,1.0
KHAMMAM,CHERLA,KUDUNURU,359,267.0,1.0
KHAMMAM,CHERLA,KURNAVALLY,629,450.0,2.4959349593495936
KHAMMAM,CHERLA,MOGALLAPALLY,541,417.0,2.0
KHAMMAM,CHERLA,PEDAMIDISILERU,1104,833.0,4.0
KHAMMAM,CHERLA,PEDDIPALLI,568,408.0,2.4959349593495936
KHAMMAM,CHERLA,PUSUGUPPA,284,178.0,1.0
KHAMMAM,CHERLA,R.KOTHAGUDEM,579,442.0,1.0
KHAMMAM,CHERLA,SATYANARAYANAPURAM,271,177.0,1.0
KHAMMAM,CHERLA,SUBBAMPETA,622,467.0,2.0
KHAMMAM,CHERLA,TEGADA,855,645.0,2.0
KHAMMAM,CHERLA,UPPERUGUDEM,393,238.0,1.0
KHAMMAM,CHINTHAKANI,ANANTHASAGAR,364,228.0,2.4959349593495936
KHAMMAM,CHINTHAKANI,BASVAPURAM,280,182.0,1.0
KHAMMAM,CHINTHAKANI,BOPPARAM,459,273.0,2.0
KHAMMAM,CHINTHAKANI,CHINAMANDAVA,414,270.0,2.0
KHAMMAM,CHINTHAKANI,CHINTHAKANI,1048,663.0,1.0
KHAMMAM,CHINTHAKANI,JAGANNADHAPURAM,210,146.0,1.0
KHAMMAM,CHINTHAKANI,KODUMUR,583,363.0,2.0
KHAMMAM,CHINTHAKANI,KOMATLAGUDEM,478,318.0,2.4959349593495936
KHAMMAM,CHINTHAKANI,LATCHAGUDEM,642,411.0,2.0
KHAMMAM,CHINTHAKANI,MATHKEPALLI,515,377.0,2.4959349593495936
KHAMMAM,CHINTHAKANI,NAGILI KONDA,562,381.0,2.4959349593495936
KHAMMAM,CHINTHAKANI,NAGULA VANCHA,1271,792.0,3.0
KHAMMAM,CHINTHAKANI,NERADA,598,398.0,2.4959349593495936
KHAMMAM,CHINTHAKANI,PANDILLAPALLI,409,261.0,2.0
KHAMMAM,CHINTHAKANI,PATHARLAPADU,810,506.0,2.0
KHAMMAM,CHINTHAKANI,PRODDUTUR,768,474.0,1.0
KHAMMAM,CHINTHAKANI,RAMAKRISHNAPURAM,703,442.0,2.0
KHAMMAM,CHINTHAKANI,SEETHAMPETA,353,230.0,1.0
KHAMMAM,CHINTHAKANI,THIMMINENIPALEM,563,374.0,1.0
KHAMMAM,CHINTHAKANI,VANDANAM,325,213.0,1.0
KHAMMAM,DAMMAPETA,AKINEPALLI,729,561.0,2.0
KHAMMAM,DAMMAPETA,ANKAMPALEM,533,400.0,1.0
KHAMMAM,DAMMAPETA,DAMMAPETA,1584,1110.0,2.4959349593495936
KHAMMAM,DAMMAPETA,GANDHAGULAPALLI,428,317.0,1.0
KHAMMAM,DAMMAPETA,GANESHPADU,336,253.0,2.4959349593495936
KHAMMAM,DAMMAPETA,JAGGARAM,458,350.0,2.0
KHAMMAM,DAMMAPETA,JAMADARBANJAR,332,252.0,2.0
KHAMMAM,DAMMAPETA,LINGALAPALLI,275,215.0,1.0
KHAMMAM,DAMMAPETA,MALKARAM,1011,746.0,2.4959349593495936
KHAMMAM,DAMMAPETA,MANDALAPALLI,771,573.0,3.0
KHAMMAM,DAMMAPETA,MODDULAGUDEM,499,358.0,2.4959349593495936
KHAMMAM,DAMMAPETA,MONDIVARRE,499,366.0,1.0
KHAMMAM,DAMMAPETA,MUSTIBANDA,731,553.0,1.0
KHAMMAM,DAMMAPETA,NACHARAM,559,373.0,2.4959349593495936
KHAMMAM,DAMMAPETA,NAGUPALLI,559,376.0,2.0
KHAMMAM,DAMMAPETA,PATWARIGUDEM,1020,758.0,1.0
KHAMMAM,DAMMAPETA,PEDDAGOLLAGUDEM,632,435.0,2.4959349593495936
KHAMMAM,DAMMAPETA,TOTTIPAMPU,345,226.0,2.0
KHAMMAM,DUMMUGUDEM,ANJUBAKA,400,296.0,1.0
KHAMMAM,DUMMUGUDEM,ARLAGUDEM,516,447.0,1.0
KHAMMAM,DUMMUGUDEM,CHINA NALLABELLI,477,352.0,1.0
KHAMMAM,DUMMUGUDEM,DUMMUGUDEM,959,671.0,2.0
KHAMMAM,DUMMUGUDEM,GANGOLU,270,214.0,2.4959349593495936
KHAMMAM,DUMMUGUDEM,GOWRARAM,380,297.0,2.4959349593495936
KHAMMAM,DUMMUGUDEM,KASINAGARAM,317,201.0,2.4959349593495936
KHAMMAM,DUMMUGUDEM,KOTHAPALLI,701,583.0,2.4959349593495936
KHAMMAM,DUMMUGUDEM,LAXMINAGARAM,258,167.0,2.0
KHAMMAM,DUMMUGUDEM,MAHADEVAPURAM,481,318.0,2.4959349593495936
KHAMMAM,DUMMUGUDEM,MARAIGUDEM,982,799.0,2.4959349593495936
KHAMMAM,DUMMUGUDEM,NADIKUDI,598,440.0,2.4959349593495936
KHAMMAM,DUMMUGUDEM,NARSAPURAM,566,412.0,3.0
KHAMMAM,DUMMUGUDEM,PAIDIGUDEM,607,471.0,2.0
KHAMMAM,DUMMUGUDEM,PARNASALA,742,500.0,2.4959349593495936
KHAMMAM,DUMMUGUDEM,PEDAKAMALAPURAM,701,553.0,2.4959349593495936
KHAMMAM,DUMMUGUDEM,PEDANALLABALLI,791,539.0,1.0
KHAMMAM,DUMMUGUDEM,PRAGALLAPALLI,399,281.0,2.4959349593495936
KHAMMAM,DUMMUGUDEM,RAMARAOPETA,581,406.0,5.0
KHAMMAM,DUMMUGUDEM,SINGAVARAM,394,316.0,2.4959349593495936
KHAMMAM,DUMMUGUDEM,TURUBAKA,562,461.0,2.0
KHAMMAM,ENKURU,ARIKAYALAPADU,203,134.0,1.0
KHAMMAM,ENKURU,BHAGAVAN NAYAK THANDA,301,192.0,2.0
KHAMMAM,ENKURU,BURDA RAGHAVAPURAM,703,448.0,4.0
KHAMMAM,ENKURU,ENKURU,1049,635.0,5.0
KHAMMAM,ENKURU,JANNARAM,739,510.0,1.0
KHAMMAM,ENKURU,KESUPALLI,337,228.0,2.4959349593495936
KHAMMAM,ENKURU,NACHARAM,806,523.0,1.0
KHAMMAM,ENKURU,NUKULAMPADU,275,180.0,1.0
KHAMMAM,ENKURU,RAIMADARAM,479,290.0,1.0
KHAMMAM,ENKURU,RAJA LINGALA,579,412.0,1.0
KHAMMAM,ENKURU,REPALLEVADA,707,480.0,2.4959349593495936
KHAMMAM,ENKURU,SRIRAMGIRI,308,196.0,3.0
KHAMMAM,ENKURU,TIMMARAOPETA,632,418.0,3.0
KHAMMAM,ENKURU,TUTAKALINGANNA PETA,687,421.0,2.0
KHAMMAM,GARLA,BUDDHARAM,387,203.0,3.0
KHAMMAM,GARLA,GARLA,1421,733.0,4.0
KHAMMAM,GARLA,GOPALAPURAM,532,363.0,2.0
KHAMMAM,GARLA,MARRIGUDEM,628,376.0,1.0
KHAMMAM,GARLA,MULKANOOR,1831,1252.0,7.0
KHAMMAM,GARLA,POCHARAM,746,532.0,6.0
KHAMMAM,GARLA,PULLURU,1091,697.0,4.0
KHAMMAM,GARLA,RAMPURAM,565,373.0,2.0
KHAMMAM,GARLA,SEETHAMPETA,603,378.0,5.0
KHAMMAM,GARLA,SERIPURAM,571,407.0,2.4959349593495936
KHAMMAM,GUNDALA,ALLAPALLI,985,737.0,1.0
KHAMMAM,GUNDALA,ANANTHOGU,919,632.0,1.0
KHAMMAM,GUNDALA,GUNDALA,1994,350.0,3.0
KHAMMAM,GUNDALA,MARKODU,1138,796.0,2.0
KHAMMAM,GUNDALA,SAYANNAPALLI,642,488.0,3.0
KHAMMAM,GUNDALA,SETTIPALLI,526,394.0,1.0
KHAMMAM,JULURPAD,ANANTHARAM,375,257.0,1.0
KHAMMAM,JULURPAD,BETHALAPADU,944,731.0,2.0
KHAMMAM,JULURPAD,GUNDEPUDI,1179,794.0,1.0
KHAMMAM,JULURPAD,JULURPAD,548,382.0,3.0
KHAMMAM,JULURPAD,KAKARLA,653,488.0,1.0
KHAMMAM,JULURPAD,KARIVARIGUDEM,312,202.0,2.0
KHAMMAM,JULURPAD,KOMMUGUDEM,365,216.0,1.0
KHAMMAM,JULURPAD,MACHINENIPETA,405,287.0,2.4959349593495936
KHAMMAM,JULURPAD,MACHINENIPETA  THANDA,417,276.0,1.0
KHAMMAM,JULURPAD,PADAMATA NARSAPURAM,561,359.0,2.0
KHAMMAM,JULURPAD,PAPAKOLLU,1463,1012.0,4.0
KHAMMAM,JULURPAD,VINOBHA NAGAR,207,132.0,2.4959349593495936
KHAMMAM,KALLUR,BATHULAPALLY,381,254.0,2.4959349593495936
KHAMMAM,KALLUR,CHANDRUPATLA,756,539.0,2.4959349593495936
KHAMMAM,KALLUR,CHENNURU,1222,906.0,1.0
KHAMMAM,KALLUR,CHINNA KORUKONDI,1078,723.0,5.0
KHAMMAM,KALLUR,GOKAVARAM,258,182.0,2.0
KHAMMAM,KALLUR,KALLURU,515,350.0,2.4959349593495936
KHAMMAM,KALLUR,KORLAGUDEM,215,178.0,2.4959349593495936
KHAMMAM,KALLUR,LAKSHMIPURAM,272,189.0,3.0
KHAMMAM,KALLUR,LINGALA,292,217.0,1.0
KHAMMAM,KALLUR,MUCHARAM,561,387.0,2.0
KHAMMAM,KALLUR,MUGGUVENKATAPURAM,291,187.0,1.0
KHAMMAM,KALLUR,NARAYANAPURAM,285,160.0,2.4959349593495936
KHAMMAM,KALLUR,PAYAPUR,143,103.0,1.0
KHAMMAM,KALLUR,PEDDAKORUKONDI,549,388.0,1.0
KHAMMAM,KALLUR,PERUVANCHA,568,382.0,4.0
KHAMMAM,KALLUR,POCHARAM,116,78.0,2.4959349593495936
KHAMMAM,KALLUR,RAGHUNADHAGUDEM,339,275.0,2.4959349593495936
KHAMMAM,KALLUR,TALLURU,474,309.0,2.0
KHAMMAM,KALLUR,TELAGARAM,444,303.0,2.4959349593495936
KHAMMAM,KALLUR,V.N.THANDA,199,149.0,2.4959349593495936
KHAMMAM,KALLUR,VENNAVALLI,333,258.0,1.0
KHAMMAM,KALLUR,YAGNA NARAYANAPURAM,218,179.0,2.4959349593495936
KHAMMAM,KALLUR,YERRABOINAPALLI,587,402.0,3.0
KHAMMAM,KAMEPALLE,BASITH NAGAR,609,388.0,1.0
KHAMMAM,KAMEPALLE,GARIDEPALLI,300,219.0,1.0
KHAMMAM,KAMEPALLE,GOVINDRALA,1156,847.0,2.4959349593495936
KHAMMAM,KAMEPALLE,JASTHIPALLI,602,413.0,3.0
KHAMMAM,KAMEPALLE,KAMEPALLI,1018,648.0,1.0
KHAMMAM,KAMEPALLE,KEPTAN BANJAR,310,211.0,1.0
KHAMMAM,KAMEPALLE,KOMMINEPALLI,1258,843.0,7.0
KHAMMAM,KAMEPALLE,KOTHA LINGALA,242,143.0,2.4959349593495936
KHAMMAM,KAMEPALLE,LINGALA,193,106.0,2.4959349593495936
KHAMMAM,KAMEPALLE,MADDULAPALLI,865,607.0,2.0
KHAMMAM,KAMEPALLE,MUCHERLA,621,398.0,1.0
KHAMMAM,KAMEPALLE,NEMILIPURI,316,241.0,2.4959349593495936
KHAMMAM,KAMEPALLE,PINJARAMADUGU,426,289.0,2.0
KHAMMAM,KAMEPALLE,PONNEKAL,1025,731.0,2.0
KHAMMAM,KAMEPALLE,SATHANIGUDEM,320,215.0,1.0
KHAMMAM,KAMEPALLE,THALLAGUDEM,342,227.0,5.0
KHAMMAM,KAMEPALLE,VOOTUKUR,567,379.0,2.0
KHAMMAM,KHAMMAM (RURAL),AREKODU,456,279.0,2.0
KHAMMAM,KHAMMAM (RURAL),AREMPALA,550,333.0,2.0
KHAMMAM,KHAMMAM (RURAL),CHINTAPALLI,343,234.0,2.4959349593495936
KHAMMAM,KHAMMAM (RURAL),DAREDU,613,382.0,1.0
KHAMMAM,KHAMMAM (RURAL),EDULAPURAM,1175,710.0,6.0
KHAMMAM,KHAMMAM (RURAL),GOLLAPADU,567,361.0,2.4959349593495936
KHAMMAM,KHAMMAM (RURAL),GUDIMALLA,905,615.0,4.0
KHAMMAM,KHAMMAM (RURAL),GUDURUPADU,340,232.0,2.4959349593495936
KHAMMAM,KHAMMAM (RURAL),GURRALAPADU,248,158.0,1.0
KHAMMAM,KHAMMAM (RURAL),KACHIRAJUGUDEM,433,273.0,2.0
KHAMMAM,KHAMMAM (RURAL),KAIKONDAIGUDEM,257,161.0,2.4959349593495936
KHAMMAM,KHAMMAM (RURAL),KAMANCHIKAL,482,345.0,2.4959349593495936
KHAMMAM,KHAMMAM (RURAL),KONDAPURAM,441,301.0,2.4959349593495936
KHAMMAM,KHAMMAM (RURAL),M.VENKATAYAPALEM,1333,826.0,3.0
KHAMMAM,KHAMMAM (RURAL),MADDULAPALLI,313,149.0,1.0
KHAMMAM,KHAMMAM (RURAL),MALLEMADUGU,425,271.0,2.0
KHAMMAM,KHAMMAM (RURAL),MANGALAGUDEM,638,450.0,2.0
KHAMMAM,KHAMMAM (RURAL),MUTHAGUDEM,887,593.0,5.0
KHAMMAM,KHAMMAM (RURAL),PEDDA THANDA,1339,615.0,6.0
KHAMMAM,KHAMMAM (RURAL),POLEPALLI,672,387.0,3.0
KHAMMAM,KHAMMAM (RURAL),PONNEKAL,437,289.0,2.0
KHAMMAM,KHAMMAM (RURAL),SEETHARAMPURAM (KASNA T,310,218.0,2.4959349593495936
KHAMMAM,KHAMMAM (RURAL),TALLAMPADU,765,455.0,2.0
KHAMMAM,KHAMMAM (RURAL),TANAGAMPADU,285,219.0,2.4959349593495936
KHAMMAM,KHAMMAM (RURAL),TELDARUPALLI,969,642.0,1.0
KHAMMAM,KHAMMAM (RURAL),THIRTHALA,757,530.0,1.0
KHAMMAM,KHAMMAM (RURAL),VENKATAGIRI,802,573.0,3.0
KHAMMAM,KHAMMAM (URBAN),ALLIPURAM,40,28.0,2.4959349593495936
KHAMMAM,KHAMMAM (URBAN),BALLEPALLI,72,37.0,2.4959349593495936
KHAMMAM,KHAMMAM (URBAN),BUDIDEMPADU,516,310.0,2.4959349593495936
KHAMMAM,KHAMMAM (URBAN),CHIMMAPUDI,562,424.0,2.4959349593495936
KHAMMAM,KHAMMAM (URBAN),DHAMSALAPURAM,20,5.0,2.4959349593495936
KHAMMAM,KHAMMAM (URBAN),EERLAPUDI,851,622.0,1.0
KHAMMAM,KHAMMAM (URBAN),GANESWARAM,329,222.0,2.0
KHAMMAM,KHAMMAM (URBAN),GOLLAGUDEM,58,22.0,2.4959349593495936
KHAMMAM,KHAMMAM (URBAN),KHANAPURAM (HAVELI),47,27.0,2.4959349593495936
KHAMMAM,KHAMMAM (URBAN),KOTAPADU,386,264.0,2.4959349593495936
KHAMMAM,KHAMMAM (URBAN),KOTHAGUDEM,18,9.0,2.4959349593495936
KHAMMAM,KHAMMAM (URBAN),KOYACHALKA,300,195.0,2.4959349593495936
KHAMMAM,KHAMMAM (URBAN),M.PALLE CHINTHAGURTHI,488,313.0,2.4959349593495936
KHAMMAM,KHAMMAM (URBAN),MALLEPALLI,742,427.0,5.0
KHAMMAM,KHAMMAM (URBAN),MANCHUGONDA,564,350.0,3.0
KHAMMAM,KHAMMAM (URBAN),PANGIDI,967,649.0,2.0
KHAMMAM,KHAMMAM (URBAN),PAPADAPALLE,660,379.0,2.4959349593495936
KHAMMAM,KHAMMAM (URBAN),RAGHUNADHA PALEM,1220,717.0,3.0
KHAMMAM,KHAMMAM (URBAN),RAMKYA THANDA,1224,817.0,5.0
KHAMMAM,KHAMMAM (URBAN),REGULA CHALKA,208,129.0,2.4959349593495936
KHAMMAM,KHAMMAM (URBAN),SIVAIGUDEM,165,91.0,1.0
KHAMMAM,KHAMMAM (URBAN),V.VENKATAYAPALEM,798,449.0,4.0
KHAMMAM,KHAMMAM (URBAN),VELUGUMATLA,31,24.0,2.4959349593495936
KHAMMAM,KHAMMAM (URBAN),VEPAKUNTLA,494,286.0,2.4959349593495936
KHAMMAM,KONIJERLA,AMMAPALEM,628,396.0,1.0
KHAMMAM,KONIJERLA,CHINA GOPATHI,422,260.0,2.4959349593495936
KHAMMAM,KONIJERLA,CHINA MUNAGALA,451,270.0,2.0
KHAMMAM,KONIJERLA,DUDDEPUDI,324,242.0,1.0
KHAMMAM,KONIJERLA,GOPARAM,266,159.0,1.0
KHAMMAM,KONIJERLA,GUBBAGURTHY,997,756.0,1.0
KHAMMAM,KONIJERLA,GUNDRATHI MADUGU,695,432.0,1.0
KHAMMAM,KONIJERLA,KONDAVANAMALA,594,380.0,2.0
KHAMMAM,KONIJERLA,KONIJERLA,1334,879.0,3.0
KHAMMAM,KONIJERLA,LALAPURAM,407,282.0,3.0
KHAMMAM,KONIJERLA,LINGA GUDEM,499,344.0,3.0
KHAMMAM,KONIJERLA,MALLUPALLI,356,237.0,1.0
KHAMMAM,KONIJERLA,PALLIPADU,864,566.0,2.0
KHAMMAM,KONIJERLA,PEDA GOPATHI,827,521.0,3.0
KHAMMAM,KONIJERLA,PEDA MUNAGALA,489,315.0,1.0
KHAMMAM,KONIJERLA,RAMANARSAIAH NAGAR,399,281.0,2.4959349593495936
KHAMMAM,KONIJERLA,SALEBANJAR,649,453.0,2.0
KHAMMAM,KONIJERLA,SINGARAIPALEM,614,433.0,2.4959349593495936
KHAMMAM,KONIJERLA,TANIKELLA,1346,816.0,3.0
KHAMMAM,KONIJERLA,TEEGALABANJAR,269,155.0,1.0
KHAMMAM,KONIJERLA,THUMMALAPALLI,701,530.0,5.0
KHAMMAM,KONIJERLA,UPPALACHALAKA,559,404.0,6.0
KHAMMAM,KOTHAGUDEM,3-Incline,500,249.0,5.0
KHAMMAM,KOTHAGUDEM,ANISETTIPALLI,269,144.0,2.4959349593495936
KHAMMAM,KOTHAGUDEM,BANGARU CHELKA,602,525.0,6.0
KHAMMAM,KOTHAGUDEM,CHATAKONDA (R),511,345.0,2.4959349593495936
KHAMMAM,KOTHAGUDEM,CHUNCHUPALLE,515,350.0,2.4959349593495936
KHAMMAM,KOTHAGUDEM,GAREEBPETA,550,354.0,2.0
KHAMMAM,KOTHAGUDEM,KARUKONDA,1426,883.0,3.0
KHAMMAM,KOTHAGUDEM,LAXMIDEVIPALLE,1851,1142.0,4.0
KHAMMAM,KOTHAGUDEM,MYLARAM,509,407.0,2.0
KHAMMAM,KOTHAGUDEM,NARSIMHANAGAR,299,201.0,3.0
KHAMMAM,KOTHAGUDEM,PENAGADAPA,836,679.0,5.0
KHAMMAM,KOTHAGUDEM,PENUBALLI,562,408.0,1.0
KHAMMAM,KOTHAGUDEM,RAGHAVAPURAM,356,264.0,2.0
KHAMMAM,KOTHAGUDEM,REGALLA,1449,1059.0,7.0
KHAMMAM,KOTHAGUDEM,RUDRAMPUR,1281,704.0,1.0
KHAMMAM,KOTHAGUDEM,SARVARAM,1002,698.0,5.0
KHAMMAM,KOTHAGUDEM,SEETAMPETA,568,374.0,2.0
KHAMMAM,KOTHAGUDEM,SEETHARAMPURAM,1049,773.0,3.0
KHAMMAM,KOTHAGUDEM,SINGABHUPALEM,1281,889.0,6.0
KHAMMAM,KOTHAGUDEM,SUJATHANAGAR,1900,1246.0,3.0
KHAMMAM,KOTHAGUDEM,VENKATESH KHANI,36,28.0,2.4959349593495936
KHAMMAM,KUSUMANCHI,BHAGAYATH VEEDU,109,94.0,1.0
KHAMMAM,KUSUMANCHI,CHEGOMMA,533,369.0,2.0
KHAMMAM,KUSUMANCHI,CHOWTAPALLI,532,401.0,1.0
KHAMMAM,KUSUMANCHI,ESWARAMADARAM,429,243.0,2.0
KHAMMAM,KUSUMANCHI,GAIGOLLAPALLI,848,640.0,4.0
KHAMMAM,KUSUMANCHI,GANGABANDA THANDA,171,133.0,2.4959349593495936
KHAMMAM,KUSUMANCHI,GATTU SINGARAM,699,470.0,1.0
KHAMMAM,KUSUMANCHI,GORILAPAD THANDA,422,306.0,1.0
KHAMMAM,KUSUMANCHI,GURVAIGUDEM,178,135.0,1.0
KHAMMAM,KUSUMANCHI,JAKKEPALLI,356,203.0,2.0
KHAMMAM,KUSUMANCHI,JEELACHERUVU,784,483.0,3.0
KHAMMAM,KUSUMANCHI,JUJJULARAOPETA,465,310.0,1.0
KHAMMAM,KUSUMANCHI,KISTAPURAM,275,163.0,1.0
KHAMMAM,KUSUMANCHI,KOKYA THANDA,333,226.0,2.0
KHAMMAM,KUSUMANCHI,KOTHURU,340,223.0,2.0
KHAMMAM,KUSUMANCHI,KUSUMANCHI,991,563.0,5.0
KHAMMAM,KUSUMANCHI,LOKYA THANDA,493,326.0,2.0
KHAMMAM,KUSUMANCHI,MALLAIGUDEM,208,128.0,1.0
KHAMMAM,KUSUMANCHI,MALLEPALLI,269,168.0,2.4959349593495936
KHAMMAM,KUSUMANCHI,MUNIGEPALLI,188,139.0,2.0
KHAMMAM,KUSUMANCHI,MUTYALAGUDEM,319,191.0,4.0
KHAMMAM,KUSUMANCHI,NAIKANGUDEM,493,339.0,1.0
KHAMMAM,KUSUMANCHI,NARASIMHULAGUDEM,472,308.0,2.0
KHAMMAM,KUSUMANCHI,NELAPATLA,475,264.0,1.0
KHAMMAM,KUSUMANCHI,PALAIR,642,335.0,2.0
KHAMMAM,KUSUMANCHI,PERIKASINGARAM,348,196.0,4.0
KHAMMAM,KUSUMANCHI,POCHARAM,493,317.0,3.0
KHAMMAM,KUSUMANCHI,RAJUPETA,358,228.0,1.0
KHAMMAM,KUSUMANCHI,TURAKAGUDEM,195,127.0,2.4959349593495936
KHAMMAM,MADHIRA,ALLINAGARAM,197,107.0,1.0
KHAMMAM,MADHIRA,AMBARUPETA,25,18.0,2.4959349593495936
KHAMMAM,MADHIRA,ATUKURU,457,276.0,1.0
KHAMMAM,MADHIRA,CHILUKURU,322,189.0,2.4959349593495936
KHAMMAM,MADHIRA,DENDUKUR,962,663.0,2.0
KHAMMAM,MADHIRA,DESINENIPALEM,281,152.0,2.0
KHAMMAM,MADHIRA,DIDUGUPADU,310,175.0,3.0
KHAMMAM,MADHIRA,ILLENDULAPADU,7,5.0,2.4959349593495936
KHAMMAM,MADHIRA,ILLURU,309,194.0,3.0
KHAMMAM,MADHIRA,JALIMUDI,233,174.0,3.0
KHAMMAM,MADHIRA,KHAJIPURAM,91,28.0,2.4959349593495936
KHAMMAM,MADHIRA,KHAMMAMPADU,517,322.0,1.0
KHAMMAM,MADHIRA,MADHIRA,543,347.0,3.0
KHAMMAM,MADHIRA,MADUPALLI,77,49.0,2.4959349593495936
KHAMMAM,MADHIRA,MAHADEVPURAM,492,318.0,2.0
KHAMMAM,MADHIRA,MALLARAM,457,337.0,2.4959349593495936
KHAMMAM,MADHIRA,MATOOR,525,347.0,2.0
KHAMMAM,MADHIRA,MATOORPETA,400,258.0,1.0
KHAMMAM,MADHIRA,MUNAGALA,247,165.0,2.4959349593495936
KHAMMAM,MADHIRA,NAGAVARAPPADU,301,206.0,2.4959349593495936
KHAMMAM,MADHIRA,NAKKALAGARUVU,138,114.0,1.0
KHAMMAM,MADHIRA,NIDANAPURAM,461,309.0,1.0
KHAMMAM,MADHIRA,RAYAPATNAM,506,354.0,1.0
KHAMMAM,MADHIRA,SIDDINENIGUDEM,369,251.0,1.0
KHAMMAM,MADHIRA,SIRIPURAM,855,552.0,6.0
KHAMMAM,MADHIRA,TONDALA GOPAVARAM,181,104.0,1.0
KHAMMAM,MADHIRA,VANGAVEEDU,494,339.0,2.0
KHAMMAM,MANUGURU,PAGIDERU,679,449.0,2.0
KHAMMAM,MANUGURU,RAMANJARAM,1453,976.0,3.0
KHAMMAM,MANUGURU,SAMITHSINGARAM,515,350.0,2.4959349593495936
KHAMMAM,MUDIGONDA,AMMAPETA,311,198.0,3.0
KHAMMAM,MUDIGONDA,BANAPURAM,1009,671.0,1.0
KHAMMAM,MUDIGONDA,CHIRUMARRI,615,435.0,1.0
KHAMMAM,MUDIGONDA,EDAVALLI,657,493.0,1.0
KHAMMAM,MUDIGONDA,GANDASIRI,711,449.0,1.0
KHAMMAM,MUDIGONDA,GOKINAPALLI,832,455.0,2.4959349593495936
KHAMMAM,MUDIGONDA,KAMALAPURAM,773,536.0,4.0
KHAMMAM,MUDIGONDA,KATKUR,261,145.0,1.0
KHAMMAM,MUDIGONDA,LAKSHMIPURAM,341,238.0,2.4959349593495936
KHAMMAM,MUDIGONDA,MADHAPURAM,616,408.0,3.0
KHAMMAM,MUDIGONDA,MALLANNAPALEM,262,179.0,2.4959349593495936
KHAMMAM,MUDIGONDA,MALLARAM,171,102.0,2.4959349593495936
KHAMMAM,MUDIGONDA,MEDAPALLI,506,292.0,2.4959349593495936
KHAMMAM,MUDIGONDA,MUDIGONDA,1407,939.0,7.0
KHAMMAM,MUDIGONDA,MUTHARAM,837,595.0,3.0
KHAMMAM,MUDIGONDA,PAMMI,511,354.0,3.0
KHAMMAM,MUDIGONDA,PANDREGUPALLI,392,262.0,2.4959349593495936
KHAMMAM,MUDIGONDA,PEDAMANDAVA,808,508.0,2.0
KHAMMAM,MUDIGONDA,SUVARNAPURAM,302,184.0,2.4959349593495936
KHAMMAM,MUDIGONDA,VALLABHI,1320,779.0,2.4959349593495936
KHAMMAM,MUDIGONDA,VALLAPURAM,407,295.0,1.0
KHAMMAM,MUDIGONDA,VENKATAPURAM,370,205.0,1.0
KHAMMAM,MULKALAPALLE,CHAPARALAPALLI,771,588.0,1.0
KHAMMAM,MULKALAPALLE,JAGANNADHAPURAM,2051,350.0,5.0
KHAMMAM,MULKALAPALLE,MULAKALAPALLI,515,350.0,2.4959349593495936
KHAMMAM,MULKALAPALLE,POGALLAPALLI,674,502.0,1.0
KHAMMAM,MULKALAPALLE,PUSUGUDEM,1473,1065.0,3.0
KHAMMAM,MULKALAPALLE,THIMMAMPETA,688,630.0,2.0
KHAMMAM,NELAKONDAPALLE,AMMAGUDEM,194,123.0,2.4959349593495936
KHAMMAM,NELAKONDAPALLE,ANASAGARAM,308,184.0,2.4959349593495936
KHAMMAM,NELAKONDAPALLE,APPALA NARSIMHAPURAM,510,300.0,1.0
KHAMMAM,NELAKONDAPALLE,AREGUDEM,225,147.0,1.0
KHAMMAM,NELAKONDAPALLE,BAIRAVUNIPALLI,635,386.0,2.4959349593495936
KHAMMAM,NELAKONDAPALLE,BODULABANDA,693,366.0,1.0
KHAMMAM,NELAKONDAPALLE,BUDDHARAM,362,202.0,2.4959349593495936
KHAMMAM,NELAKONDAPALLE,CHENNARAM,440,294.0,1.0
KHAMMAM,NELAKONDAPALLE,CHERUVU MADHARAM,1188,708.0,3.0
KHAMMAM,NELAKONDAPALLE,GUVVALAGUDEM,487,303.0,2.4959349593495936
KHAMMAM,NELAKONDAPALLE,KATTU KACHARAM,345,221.0,1.0
KHAMMAM,NELAKONDAPALLE,KONAIGUDEM,430,239.0,2.0
KHAMMAM,NELAKONDAPALLE,KORATLAGUDEM,240,126.0,2.4959349593495936
KHAMMAM,NELAKONDAPALLE,KOTHAKOTHURU,301,187.0,1.0
KHAMMAM,NELAKONDAPALLE,MANDRAJUPALLI,368,231.0,1.0
KHAMMAM,NELAKONDAPALLE,MANGAPURAM THANDA,776,467.0,2.4959349593495936
KHAMMAM,NELAKONDAPALLE,MOTAPURAM,385,263.0,2.0
KHAMMAM,NELAKONDAPALLE,MUJJUGUDEM,333,220.0,1.0
KHAMMAM,NELAKONDAPALLE,NACHEPALLI,384,208.0,2.0
KHAMMAM,NELAKONDAPALLE,NELAKONDAPALLY,1428,756.0,2.0
KHAMMAM,NELAKONDAPALLE,PAINAMPALLI,659,349.0,1.0
KHAMMAM,NELAKONDAPALLE,RAJESWARAPURAM,605,313.0,7.0
KHAMMAM,NELAKONDAPALLE,RAMACHANDRAPURAM,215,120.0,2.4959349593495936
KHAMMAM,NELAKONDAPALLE,RAVIGUDEM,610,399.0,1.0
KHAMMAM,NELAKONDAPALLE,SANKARAGIRI THANDA,344,247.0,2.4959349593495936
KHAMMAM,NELAKONDAPALLE,SURDEPALLI,245,161.0,2.4959349593495936
KHAMMAM,PALWANCHA,CHANDRALAGUDEM,318,260.0,2.4959349593495936
KHAMMAM,PALWANCHA,DANTHELABORA,592,524.0,2.0
KHAMMAM,PALWANCHA,JAGANNADHAPURAM,636,405.0,1.0
KHAMMAM,PALWANCHA,NAGARAM,662,445.0,3.0
KHAMMAM,PALWANCHA,PANDURANGAPURAM,1003,650.0,1.0
KHAMMAM,PALWANCHA,PAYAKARI YANAMBYLU,564,374.0,2.4959349593495936
KHAMMAM,PALWANCHA,SOMULAGUDEM,623,343.0,4.0
KHAMMAM,PALWANCHA,SURARAM,353,224.0,1.0
KHAMMAM,PALWANCHA,THOGUGUDEM,237,165.0,2.4959349593495936
KHAMMAM,PALWANCHA,VULVANOOR,725,600.0,2.0
KHAMMAM,PALWANCHA,YANAMBAILU,978,676.0,2.0
KHAMMAM,PENUBALLI,BAYYANNAGUDEM,347,207.0,1.0
KHAMMAM,PENUBALLI,BHAVANNAPALEM,180,131.0,2.4959349593495936
KHAMMAM,PENUBALLI,BRAHMALLA KUNTA,457,335.0,1.0
KHAMMAM,PENUBALLI,CHINTHAGUDEM,659,387.0,3.0
KHAMMAM,PENUBALLI,GANESHUNIPADU,257,177.0,2.0
KHAMMAM,PENUBALLI,GANGADEVIPADU,427,265.0,2.4959349593495936
KHAMMAM,PENUBALLI,GOWRARAM,475,353.0,1.0
KHAMMAM,PENUBALLI,KONDRUPADU,915,645.0,5.0
KHAMMAM,PENUBALLI,KOTHA KARAIGUDEM,352,240.0,2.4959349593495936
KHAMMAM,PENUBALLI,KUPPENAKUNTLA,554,396.0,4.0
KHAMMAM,PENUBALLI,LANKAPALLI,669,467.0,5.0
KHAMMAM,PENUBALLI,LINGAGUDEM,531,373.0,2.0
KHAMMAM,PENUBALLI,MANDALAPADU,607,463.0,3.0
KHAMMAM,PENUBALLI,PATHA KARAIGUDEM,472,366.0,3.0
KHAMMAM,PENUBALLI,PENUBALLI,1204,744.0,2.0
KHAMMAM,PENUBALLI,RAMACHANDRARAO BANJAR,318,282.0,1.0
KHAMMAM,PENUBALLI,TEKULAPALLI,595,475.0,2.0
KHAMMAM,PENUBALLI,TELAGAVARAM,543,407.0,2.4959349593495936
KHAMMAM,PENUBALLI,THALLAPENTA,388,298.0,1.0
KHAMMAM,PENUBALLI,THUMMALAPALLY,219,146.0,2.4959349593495936
KHAMMAM,PENUBALLI,YEDLA BANJARA,236,166.0,2.4959349593495936
KHAMMAM,PENUBALLI,YERUGHATLA,326,260.0,2.4959349593495936
KHAMMAM,PINAPAKA,ANANTHARAM,346,214.0,2.4959349593495936
KHAMMAM,PINAPAKA,BATTUPALLI,354,211.0,2.4959349593495936
KHAMMAM,PINAPAKA,BAYYARAM,1309,879.0,2.4959349593495936
KHAMMAM,PINAPAKA,DUGINEPALLI,729,508.0,2.4959349593495936
KHAMMAM,PINAPAKA,ELCHIREDDIPALLY,416,279.0,2.4959349593495936
KHAMMAM,PINAPAKA,JANAMPETA,1348,996.0,4.0
KHAMMAM,PINAPAKA,KARAKAGUDEM,715,469.0,7.0
KHAMMAM,PINAPAKA,MALLARAM,407,263.0,2.0
KHAMMAM,PINAPAKA,PADMA PURAM,608,434.0,1.0
KHAMMAM,PINAPAKA,PINAPAKA,606,379.0,2.0
KHAMMAM,PINAPAKA,POTLAPALLI,513,325.0,1.0
KHAMMAM,PINAPAKA,REGALLA,304,242.0,2.4959349593495936
KHAMMAM,PINAPAKA,SAMATH MOTHE,721,482.0,2.0
KHAMMAM,PINAPAKA,SAMATHBATTUPALLI,482,308.0,1.0
KHAMMAM,PINAPAKA,SINGIREDDIPALLI,353,274.0,2.4959349593495936
KHAMMAM,PINAPAKA,UPPAKA,981,649.0,6.0
KHAMMAM,PINAPAKA,VENKATRAOPETA,189,123.0,1.0
KHAMMAM,SATHUPALLE,BETHUPALLI,633,452.0,3.0
KHAMMAM,SATHUPALLE,BUGGAPADU,536,385.0,1.0
KHAMMAM,SATHUPALLE,CHERUKUPALLI,308,234.0,2.0
KHAMMAM,SATHUPALLE,GANGARAM,998,675.0,2.0
KHAMMAM,SATHUPALLE,KAKARLAPALLI,858,590.0,4.0
KHAMMAM,SATHUPALLE,KISTAPURAM,365,262.0,1.0
KHAMMAM,SATHUPALLE,KISTARAM,765,582.0,3.0
KHAMMAM,SATHUPALLE,NARAYANAPURAM,251,183.0,2.0
KHAMMAM,SATHUPALLE,PAKALAGUDEM,198,167.0,2.0
KHAMMAM,SATHUPALLE,RAMANAGARAM,398,271.0,2.4959349593495936
KHAMMAM,SATHUPALLE,REJERLA,874,635.0,2.0
KHAMMAM,SATHUPALLE,RUDRAKSHAPALLI,748,566.0,5.0
KHAMMAM,SATHUPALLE,SADASIVUNIPALEM,300,216.0,1.0
KHAMMAM,SATHUPALLE,SIDDARAM,744,539.0,2.0
KHAMMAM,SATHUPALLE,THUMBUR,541,428.0,2.4959349593495936
KHAMMAM,SATHUPALLE,YATALAKUNTA,358,221.0,2.0
KHAMMAM,SINGARENI,BAJUMALLAIGUDEM,476,325.0,3.0
KHAMMAM,SINGARENI,BHAGYA NAGAR THANDA,1072,691.0,1.0
KHAMMAM,SINGARENI,CHEEMALAPADU,528,384.0,2.4959349593495936
KHAMMAM,SINGARENI,DUBBA THANDA,518,341.0,3.0
KHAMMAM,SINGARENI,GIDDAVARIGUDEM,368,242.0,2.4959349593495936
KHAMMAM,SINGARENI,KAMALAPURAM,345,233.0,2.0
KHAMMAM,SINGARENI,KAREPALLE (GATE),432,280.0,2.4959349593495936
KHAMMAM,SINGARENI,KOMATLAGUDEM,621,452.0,2.0
KHAMMAM,SINGARENI,MADHARAM,1241,752.0,2.0
KHAMMAM,SINGARENI,MANIKYARAM,725,585.0,2.0
KHAMMAM,SINGARENI,PERUPALLE,1126,746.0,3.0
KHAMMAM,SINGARENI,POLAMPALLY,372,221.0,4.0
KHAMMAM,SINGARENI,RELAKAYALAPALLI,787,528.0,4.0
KHAMMAM,SINGARENI,SEETHARAMPURAM,789,565.0,3.0
KHAMMAM,SINGARENI,SINGARENI,1011,565.0,3.0
KHAMMAM,SINGARENI,TEKULAGUDEM,147,81.0,2.0
KHAMMAM,SINGARENI,THODITHALA GUDEM,278,155.0,2.4959349593495936
KHAMMAM,SINGARENI,USIRIKAYALAPALLE,601,367.0,2.0
KHAMMAM,SINGARENI,VISWANADHAPALLE,679,469.0,1.0
KHAMMAM,TALLADA,ANNARGUDEM,1390,941.0,2.0
KHAMMAM,TALLADA,BASAVAPURAM,252,177.0,2.4959349593495936
KHAMMAM,TALLADA,BILLUPADU,629,438.0,2.4959349593495936
KHAMMAM,TALLADA,GOLLAGUDEM,301,206.0,2.4959349593495936
KHAMMAM,TALLADA,GOPALAPETA,315,195.0,1.0
KHAMMAM,TALLADA,KALAKODIMA,562,403.0,2.4959349593495936
KHAMMAM,TALLADA,KESAVAPURAM,124,78.0,1.0
KHAMMAM,TALLADA,KODAVATIMETTA,289,164.0,1.0
KHAMMAM,TALLADA,KOTHA VENKATAGIRI,282,179.0,1.0
KHAMMAM,TALLADA,KURNAVALLI,855,555.0,1.0
KHAMMAM,TALLADA,LAXMIPURAM,187,116.0,2.0
KHAMMAM,TALLADA,MALLARAM,918,640.0,5.0
KHAMMAM,TALLADA,MITTAPALLI,676,441.0,1.0
KHAMMAM,TALLADA,MUDDUNURU,415,313.0,3.0
KHAMMAM,TALLADA,NUTHANKAL,469,332.0,1.0
KHAMMAM,TALLADA,PINAPAKA,564,399.0,1.0
KHAMMAM,TALLADA,RAMANUJAVARAM,293,187.0,1.0
KHAMMAM,TALLADA,RANGAM BANJAR,430,290.0,1.0
KHAMMAM,TALLADA,REJERLA,224,143.0,2.4959349593495936
KHAMMAM,TALLADA,TELAGARAM,141,107.0,2.4959349593495936
KHAMMAM,TALLADA,THALLADA,1988,1253.0,7.0
KHAMMAM,TALLADA,VENGANNAPETA,353,257.0,3.0
KHAMMAM,TEKULAPALLE,BETHAMPUDI,1231,885.0,3.0
KHAMMAM,TEKULAPALLE,BODDU THANDA,617,469.0,3.0
KHAMMAM,TEKULAPALLE,BODU,1257,899.0,3.0
KHAMMAM,TEKULAPALLE,GANGARAM,1216,873.0,3.0
KHAMMAM,TEKULAPALLE,GOLLAPALLE,791,546.0,1.0
KHAMMAM,TEKULAPALLE,KOPPURAI,703,580.0,5.0
KHAMMAM,TEKULAPALLE,KOYAGUDEM,1199,915.0,2.4959349593495936
KHAMMAM,TEKULAPALLE,PEGALLAPADU,942,637.0,1.0
KHAMMAM,TEKULAPALLE,SHAMBUNIGUDEM,512,364.0,2.4959349593495936
KHAMMAM,TEKULAPALLE,SULANAGAR,805,529.0,2.4959349593495936
KHAMMAM,TEKULAPALLE,TEKULAPALLI,1307,854.0,2.4959349593495936
KHAMMAM,TEKULAPALLE,THADIKALAPUDI,775,548.0,2.0
KHAMMAM,THIRUMALAYAPALEM,BACHODU,665,490.0,2.4959349593495936
KHAMMAM,THIRUMALAYAPALEM,BACHODU THANDA,273,201.0,2.4959349593495936
KHAMMAM,THIRUMALAYAPALEM,BEEROLU,1005,634.0,2.0
KHAMMAM,THIRUMALAYAPALEM,CHANDRU THANDA,352,213.0,1.0
KHAMMAM,THIRUMALAYAPALEM,DAMMAIGUDEM,312,176.0,2.4959349593495936
KHAMMAM,THIRUMALAYAPALEM,EDULLACHERUVU,383,267.0,1.0
KHAMMAM,THIRUMALAYAPALEM,ERRAGADDA,271,185.0,2.4959349593495936
KHAMMAM,THIRUMALAYAPALEM,GOL THANDA,382,237.0,1.0
KHAMMAM,THIRUMALAYAPALEM,HASNABAD,487,334.0,2.0
KHAMMAM,THIRUMALAYAPALEM,HYDERSAIPET,607,428.0,1.0
KHAMMAM,THIRUMALAYAPALEM,ISLAVATH THANDA,495,346.0,3.0
KHAMMAM,THIRUMALAYAPALEM,JALLEPALLI,458,279.0,2.0
KHAMMAM,THIRUMALAYAPALEM,JUPEDA,379,318.0,1.0
KHAMMAM,THIRUMALAYAPALEM,KAKARAVAI,1439,1042.0,3.0
KHAMMAM,THIRUMALAYAPALEM,KOKKIRENI,363,236.0,2.4959349593495936
KHAMMAM,THIRUMALAYAPALEM,MEDIDEPALLE,766,546.0,4.0
KHAMMAM,THIRUMALAYAPALEM,MOHAMMADAPURAM,412,290.0,1.0
KHAMMAM,THIRUMALAYAPALEM,PAINAMPALLI,361,264.0,2.4959349593495936
KHAMMAM,THIRUMALAYAPALEM,PATHARLAPADU,470,291.0,3.0
KHAMMAM,THIRUMALAYAPALEM,PINDIPROLU,924,646.0,1.0
KHAMMAM,THIRUMALAYAPALEM,RAGHUNADHAPALEM,291,201.0,1.0
KHAMMAM,THIRUMALAYAPALEM,RAJARAM,257,212.0,2.4959349593495936
KHAMMAM,THIRUMALAYAPALEM,SOLIPURAM,310,244.0,2.4959349593495936
KHAMMAM,THIRUMALAYAPALEM,SUBLAID,755,485.0,2.4959349593495936
KHAMMAM,THIRUMALAYAPALEM,THALLA CHERUVU,273,178.0,1.0
KHAMMAM,THIRUMALAYAPALEM,THETTELAPADU,421,265.0,1.0
KHAMMAM,THIRUMALAYAPALEM,THIRUMALAYAPALEM,718,413.0,2.4959349593495936
KHAMMAM,THIRUMALAYAPALEM,TIPPAREDDIGUDEM,354,231.0,1.0
KHAMMAM,VARARAMACHANDRAPURAM,SRIRAMGIRI,1,1.0,2.4959349593495936
KHAMMAM,VELAIRPADU,KATUKUR,1,420.97667638483966,2.4959349593495936
KHAMMAM,VEMSOOR,ADSARLAPADU,623,460.0,1.0
KHAMMAM,VEMSOOR,AMMAPALEM,377,300.0,1.0
KHAMMAM,VEMSOOR,BEERAPALLI,271,225.0,4.0
KHAMMAM,VEMSOOR,BHARANIPADU,232,185.0,2.0
KHAMMAM,VEMSOOR,BHEEMAVARAM,335,264.0,3.0
KHAMMAM,VEMSOOR,DUDDIPUDI,360,255.0,2.4959349593495936
KHAMMAM,VEMSOOR,KALLURUGUDEM,394,265.0,1.0
KHAMMAM,VEMSOOR,KANDUKURU,971,749.0,6.0
KHAMMAM,VEMSOOR,KONDRAGATLAMALLELA,695,561.0,2.4959349593495936
KHAMMAM,VEMSOOR,KUNCHAPARTHI,391,279.0,1.0
KHAMMAM,VEMSOOR,LACHANNAGUDEM,291,220.0,2.4959349593495936
KHAMMAM,VEMSOOR,LINGAPALEM,323,237.0,1.0
KHAMMAM,VEMSOOR,MARLAPADU,631,463.0,1.0
KHAMMAM,VEMSOOR,MODDULAGUDEM,260,184.0,3.0
KHAMMAM,VEMSOOR,PALLEVADA,292,209.0,2.0
KHAMMAM,VEMSOOR,RAMANNAPELEM,378,296.0,2.4959349593495936
KHAMMAM,VEMSOOR,V.VENKATAPURAM,607,438.0,3.0
KHAMMAM,VEMSOOR,VEMSOOR,718,444.0,4.0
KHAMMAM,VEMSOOR,YERRAGUNTA,506,395.0,2.4959349593495936
KHAMMAM,VENKATAPURAM,ALUBAKA,904,675.0,1.0
KHAMMAM,VENKATAPURAM,BARLAGUDEM,442,339.0,2.4959349593495936
KHAMMAM,VENKATAPURAM,EDHIRA,310,205.0,2.4959349593495936
KHAMMAM,VENKATAPURAM,MARIKALA,865,604.0,2.0
KHAMMAM,VENKATAPURAM,MORRAVARIGUDEM,542,429.0,3.0
KHAMMAM,VENKATAPURAM,PATHRAPURAM,1061,752.0,2.0
KHAMMAM,VENKATAPURAM,SURAVEEDU,649,464.0,1.0
KHAMMAM,VENKATAPURAM,VEERABHADRARAM,261,176.0,2.4959349593495936
KHAMMAM,VENKATAPURAM,VENKATAPURAM,515,350.0,5.0
KHAMMAM,WAZEED,CHERUKUR (G),539,339.0,2.4959349593495936
KHAMMAM,WAZEED,CHINTOOR,980,645.0,6.0
KHAMMAM,WAZEED,EDJARLAPALLI (G),678,450.0,2.0
KHAMMAM,WAZEED,GUMMADIDODDI(Z),258,133.0,2.4959349593495936
KHAMMAM,WAZEED,KONGALA (G),370,220.0,2.0
KHAMMAM,WAZEED,KRISHNAPURAM (G),690,456.0,2.4959349593495936
KHAMMAM,WAZEED,MURMUR (G),801,544.0,2.0
KHAMMAM,WAZEED,PERURU (G),851,568.0,2.0
KHAMMAM,WAZEED,WAZEEDU NAGARAM,697,464.0,1.0
KHAMMAM,WYRA,ASTNAGURTHY,357,245.0,2.4959349593495936
KHAMMAM,WYRA,DACHAPURAM,307,195.0,2.4959349593495936
KHAMMAM,WYRA,GANNAVARAM,631,407.0,6.0
KHAMMAM,WYRA,GARIKAPADU,369,259.0,2.4959349593495936
KHAMMAM,WYRA,GOLLANAPADU,397,246.0,1.0
KHAMMAM,WYRA,GOLLAPUDI,550,348.0,1.0
KHAMMAM,WYRA,KHANAPURAM,236,151.0,2.4959349593495936
KHAMMAM,WYRA,KONDA KODIMA,371,217.0,1.0
KHAMMAM,WYRA,LAKSHMIPURAM,110,61.0,2.4959349593495936
KHAMMAM,WYRA,LINGANNAPALEM,152,90.0,2.4959349593495936
KHAMMAM,WYRA,MUSALIMADUGU,281,212.0,2.4959349593495936
KHAMMAM,WYRA,NARAPANENIPALLI,214,144.0,1.0
KHAMMAM,WYRA,PALADUGU,462,306.0,2.4959349593495936
KHAMMAM,WYRA,PUNYAPURAM,276,212.0,2.4959349593495936
KHAMMAM,WYRA,REBBAVARAM,658,356.0,5.0
KHAMMAM,WYRA,SIRIPURAM(K.G),644,410.0,2.0
KHAMMAM,WYRA,SOMAVARAM,515,350.0,2.4959349593495936
KHAMMAM,WYRA,TATIPUDI,626,404.0,2.0
KHAMMAM,WYRA,VALLAPURAM,257,179.0,1.0
KHAMMAM,WYRA,VIPPALA MADAKA,326,219.0,2.0
KHAMMAM,YELLANDU,CHALLA SAMUDRAM,2010,1313.0,3.0
KHAMMAM,YELLANDU,KOMARARAM,1079,763.0,2.4959349593495936
KHAMMAM,YELLANDU,MANIKYARAM,591,419.0,1.0
KHAMMAM,YELLANDU,MARRIGUDEM,457,330.0,2.4959349593495936
KHAMMAM,YELLANDU,POLARAM,744,552.0,2.0
KHAMMAM,YELLANDU,RAGHABOINAGUDEM,608,425.0,2.0
KHAMMAM,YELLANDU,ROMPAID,515,350.0,2.4959349593495936
KHAMMAM,YELLANDU,SUDIMALLA,515,350.0,2.4959349593495936
KHAMMAM,YERRUPALEM,AYYAVARIGUDEM,427,312.0,2.4959349593495936
KHAMMAM,YERRUPALEM,BANIGANDLAPADU,661,352.0,4.0
KHAMMAM,YERRUPALEM,BANJARA,254,151.0,2.4959349593495936
KHAMMAM,YERRUPALEM,BHEEMAVARAM,602,425.0,2.0
KHAMMAM,YERRUPALEM,BUCHI REDDY PALEM,585,400.0,1.0
KHAMMAM,YERRUPALEM,CHOPPAKATLA PALEM,392,265.0,2.4959349593495936
KHAMMAM,YERRUPALEM,GATLA GOWRARAM,164,115.0,2.0
KHAMMAM,YERRUPALEM,GOSAVEEDU,333,213.0,2.4959349593495936
KHAMMAM,YERRUPALEM,GUNTUPALLI GOPAVARAM,440,368.0,1.0
KHAMMAM,YERRUPALEM,INAGALI,483,294.0,1.0
KHAMMAM,YERRUPALEM,JAMALAPURAM,570,370.0,2.0
KHAMMAM,YERRUPALEM,KACHAVARAM,145,91.0,2.4959349593495936
KHAMMAM,YERRUPALEM,KOTHAPALEM,430,277.0,1.0
KHAMMAM,YERRUPALEM,MAMUNURU,827,509.0,1.0
KHAMMAM,YERRUPALEM,MEENAVOLE,734,434.0,1.0
KHAMMAM,YERRUPALEM,MULUGUMADU,314,201.0,2.0
KHAMMAM,YERRUPALEM,PEDDA GOPARAM,365,200.0,7.0
KHAMMAM,YERRUPALEM,PEGALLAPADU,291,174.0,1.0
KHAMMAM,YERRUPALEM,RAJUPALEM,547,398.0,3.0
KHAMMAM,YERRUPALEM,REMIDICHERLA,521,338.0,2.4959349593495936
KHAMMAM,YERRUPALEM,SAKHINA VEEDU,317,177.0,2.0
KHAMMAM,YERRUPALEM,THAKKELLA PADU,463,277.0,1.0
KHAMMAM,YERRUPALEM,YERRUPALEM,1070,594.0,4.0
