district_,mandal,gp,female,male,transgender
NALGONDA,ALAIR,ALAIR,2318,1147,11.0
NALGONDA,ALAIR,AMMANABOLE,470,336,
NALGONDA,ALAIR,BAHADURPET,204,124,
NALGONDA,ALAIR,DILAWARPUR,179,109,
NALGONDA,ALAIR,GOLANKONDA,484,273,3.0
NALGONDA,ALAIR,GUNDLAGUDEM,341,163,
NALGONDA,ALAIR,IKKURTHI,281,162,2.0
NALGONDA,ALAIR,KOLANUPAKA,1794,910,3.0
NALGONDA,ALAIR,KOLLUR,493,317,1.0
NALGONDA,ALAIR,MANDANPALLY,231,117,1.0
NALGONDA,ALAIR,MANTHAPURI,267,162,2.0
NALGONDA,ALAIR,MATOOR,379,209,2.0
NALGONDA,ALAIR,PATELGUDA,416,282,1.0
NALGONDA,ALAIR,RAGHAVAPUR,257,146,
NALGONDA,ALAIR,SHARAJIPET,534,284,1.0
NALGONDA,ALAIR,SHARBANAPUR,112,51,
NALGONDA,ALAIR,TANGUTOOR,479,251,3.0
NALGONDA,ALAIR,THURPU GUDEM,173,76,
NALGONDA,ANUMULA,ALWALA,695,448,1.0
NALGONDA,ANUMULA,ANNARAM,404,239,
NALGONDA,ANUMULA,ANUMULA,2188,1181,2.0
NALGONDA,ANUMULA,BOYA GUDA,339,237,5.0
NALGONDA,ANUMULA,CHELMAREDDY GUDA,450,226,
NALGONDA,ANUMULA,GARKANATTUTHANDA,638,442,2.0
NALGONDA,ANUMULA,HAZARIGUDA,220,128,
NALGONDA,ANUMULA,IBRAHIM PETA,613,385,1.0
NALGONDA,ANUMULA,KOMPALLI,337,189,1.0
NALGONDA,ANUMULA,KORIVENIGUDA,165,120,
NALGONDA,ANUMULA,KOTHAPALLI,813,495,
NALGONDA,ANUMULA,MAREPALLI,528,348,1.0
NALGONDA,ANUMULA,NAIDU PALEM,226,133,
NALGONDA,ANUMULA,PALEM,290,169,
NALGONDA,ANUMULA,PERUR,684,404,2.0
NALGONDA,ANUMULA,PULIMAMIDI,430,260,1.0
NALGONDA,ANUMULA,RAJAVARAM,536,349,1.0
NALGONDA,ANUMULA,RAMADUGU,541,344,3.0
NALGONDA,ANUMULA,RANGUNDLA,1094,763,3.0
NALGONDA,ANUMULA,SILGAPURAM,214,129,1.0
NALGONDA,ANUMULA,SREENADHAPUR,277,185,
NALGONDA,ANUMULA,SREERAMPUR,439,260,
NALGONDA,ANUMULA,THIMMAPUR,209,122,
NALGONDA,ANUMULA,TIRUMALAGIRI,693,338,2.0
NALGONDA,ANUMULA,YACHARAM,463,325,5.0
NALGONDA,ANUMULA,YELLAPUR,759,519,1.0
NALGONDA,ATMAKUR (M),ATMAKUR,1085,650,2.0
NALGONDA,ATMAKUR (M),CHADA,869,493,1.0
NALGONDA,ATMAKUR (M),CHAMAPUR,128,87,
NALGONDA,ATMAKUR (M),CHANDE PALLE,363,194,1.0
NALGONDA,ATMAKUR (M),DUPPELLI,593,344,3.0
NALGONDA,ATMAKUR (M),KATEPALLY,396,217,
NALGONDA,ATMAKUR (M),KHAPRAI PALLY,331,203,1.0
NALGONDA,ATMAKUR (M),KONDAPUR,84,55,
NALGONDA,ATMAKUR (M),KORATIKAL,526,333,
NALGONDA,ATMAKUR (M),KURELLA,488,295,2.0
NALGONDA,ATMAKUR (M),LINGARAJ PALLE,177,89,3.0
NALGONDA,ATMAKUR (M),MODUMAYAGUDEM,75,52,
NALGONDA,ATMAKUR (M),MORIPIRALA,348,251,
NALGONDA,ATMAKUR (M),NANCHARIPET,395,258,1.0
NALGONDA,ATMAKUR (M),NARSAPUR,249,137,1.0
NALGONDA,ATMAKUR (M),PALLERLA,712,437,
NALGONDA,ATMAKUR (M),POTHIREDDYPALLY,197,144,
NALGONDA,ATMAKUR (M),PULLAIGUDEM,168,123,1.0
NALGONDA,ATMAKUR (M),RAGHAVAPUR,215,118,
NALGONDA,ATMAKUR (M),RAHIMKHANPET,407,281,
NALGONDA,ATMAKUR (M),RAIPALLE,178,101,
NALGONDA,ATMAKUR (M),SARVEPALLE,174,104,1.0
NALGONDA,ATMAKUR (M),SINGARAM,294,210,
NALGONDA,ATMAKUR (M),T.REPAKA,172,106,1.0
NALGONDA,ATMAKUR (M),THIMMAPUR,172,120,
NALGONDA,ATMAKUR (M),THUKKAPUR,324,218,3.0
NALGONDA,ATMAKUR (M),UPPALAPAHAD,153,91,
NALGONDA,ATMAKUR (S),AIPUR,1101,752,2.0
NALGONDA,ATMAKUR (S),ATMAKUR,1045,704,7.0
NALGONDA,ATMAKUR (S),BOPPARAM,349,241,1.0
NALGONDA,ATMAKUR (S),DACHARAM,263,169,1.0
NALGONDA,ATMAKUR (S),ENUBAMLA,366,225,2.0
NALGONDA,ATMAKUR (S),GATTIKAL,468,276,
NALGONDA,ATMAKUR (S),ISTHALAPUR,398,233,2.0
NALGONDA,ATMAKUR (S),KANDAGATLA,1142,789,2.0
NALGONDA,ATMAKUR (S),KOTA PAHAD,735,518,1.0
NALGONDA,ATMAKUR (S),MAKTHA KOTHAGUDEM,315,272,2.0
NALGONDA,ATMAKUR (S),MIDTHAN PALLE,245,156,1.0
NALGONDA,ATMAKUR (S),MUKKUDUDEVI PALLY,463,316,2.0
NALGONDA,ATMAKUR (S),NAMMIKAL,880,535,1.0
NALGONDA,ATMAKUR (S),NASEEMPET,413,270,
NALGONDA,ATMAKUR (S),PATHA SURYAPET,853,499,3.0
NALGONDA,ATMAKUR (S),PATHARLA PAHAD,1137,789,2.0
NALGONDA,ATMAKUR (S),RAMANNAGUDEM,520,388,1.0
NALGONDA,ATMAKUR (S),SETTI GUDEM,463,346,
NALGONDA,ATMAKUR (S),THUMMALAPEN PAHAD,1168,855,1.0
NALGONDA,BHONGIR,ANAJIPUR,405,205,1.0
NALGONDA,BHONGIR,ANANTHARAM,335,167,1.0
NALGONDA,BHONGIR,B.N.TIMMAPUR,454,264,1.0
NALGONDA,BHONGIR,BALAMPALLY,76,41,
NALGONDA,BHONGIR,BANDA SOMARAM,272,142,1.0
NALGONDA,BHONGIR,BASWAPUR,540,337,
NALGONDA,BHONGIR,BOLLE PALLE,770,371,4.0
NALGONDA,BHONGIR,BOMMAI PALLE,207,115,
NALGONDA,BHONGIR,CHANDUPATLA,481,292,
NALGONDA,BHONGIR,CHEEMALA KONDUR,259,148,1.0
NALGONDA,BHONGIR,GANGA SANI PALLY,113,60,2.0
NALGONDA,BHONGIR,GOUSE NAGAR,203,111,
NALGONDA,BHONGIR,HANMAPUR,455,239,
NALGONDA,BHONGIR,JAMMAPUR,102,71,
NALGONDA,BHONGIR,KESARAM,118,51,
NALGONDA,BHONGIR,KUNOOR,165,110,
NALGONDA,BHONGIR,MANEWARIPAMPU,132,74,1.0
NALGONDA,BHONGIR,MUSTYALAPALLI,183,132,
NALGONDA,BHONGIR,MUTHIREDDIGUDEM,390,259,3.0
NALGONDA,BHONGIR,NAGIREDDI PALLE,235,138,1.0
NALGONDA,BHONGIR,NANDANAM,281,124,2.0
NALGONDA,BHONGIR,NAWATHPALLI,228,150,1.0
NALGONDA,BHONGIR,PACHARLAPADU THANDA,221,152,
NALGONDA,BHONGIR,PAGADI PALLE,167,90,
NALGONDA,BHONGIR,PENCHIKAL PAHAD,122,65,
NALGONDA,BHONGIR,RAMACHANDRAPUR,111,50,
NALGONDA,BHONGIR,RAYAGIRI,756,421,2.0
NALGONDA,BHONGIR,REDDINAIK THANDA,184,117,
NALGONDA,BHONGIR,SURE PALLE,456,300,2.0
NALGONDA,BHONGIR,TAJPUR,274,153,
NALGONDA,BHONGIR,TUKKAPUR,503,312,2.0
NALGONDA,BHONGIR,VEERA VALLY,475,291,
NALGONDA,BHONGIR,WADAPARTHY,292,161,1.0
NALGONDA,BHONGIR,WADDAIGUDEM,158,107,
NALGONDA,BHONGIR,YERRAM BALLE,126,77,
NALGONDA,BIBINAGAR,ANNAMPATLA,171,98,
NALGONDA,BIBINAGAR,BATTUGUDA,292,190,2.0
NALGONDA,BIBINAGAR,BIBINAGAR,1216,657,5.0
NALGONDA,BIBINAGAR,BRAHMANA PALLE,469,301,
NALGONDA,BIBINAGAR,CHINARAVULA PALLE,256,145,1.0
NALGONDA,BIBINAGAR,GOLLAGUDEM,129,97,2.0
NALGONDA,BIBINAGAR,GUDUR,487,215,6.0
NALGONDA,BIBINAGAR,GURRALADANDI,487,357,
NALGONDA,BIBINAGAR,JAIN PALLE,313,192,
NALGONDA,BIBINAGAR,JAM PALLE,286,201,2.0
NALGONDA,BIBINAGAR,JAMEELAPET,247,167,1.0
NALGONDA,BIBINAGAR,JIYAPALLE,249,175,1.0
NALGONDA,BIBINAGAR,KONDAMADUGU,790,440,4.0
NALGONDA,BIBINAGAR,LAXMIDEVI GUDA,94,55,1.0
NALGONDA,BIBINAGAR,MADHARAM,218,119,
NALGONDA,BIBINAGAR,MAKTHA ANANTHARAM,285,141,
NALGONDA,BIBINAGAR,MAQDOOM PALLE,251,146,
NALGONDA,BIBINAGAR,NEMARUGOMULA,477,286,1.0
NALGONDA,BIBINAGAR,PADAMATI SOMARAM,286,154,
NALGONDA,BIBINAGAR,PALLEGUDEM,80,45,
NALGONDA,BIBINAGAR,RAGHAVAPUR,282,151,2.0
NALGONDA,BIBINAGAR,RAHEEM KHAN GUDA,171,82,
NALGONDA,BIBINAGAR,RAMUNIGUNDLA THANDA,185,152,
NALGONDA,BIBINAGAR,RAVI PAHAD,251,167,
NALGONDA,BIBINAGAR,RAYARAOPET,210,99,
NALGONDA,BIBINAGAR,RUDRA VELLY,221,128,
NALGONDA,BIBINAGAR,VENKIRYAL,652,422,
NALGONDA,BOMMALARAMARAM,BANDAKADI PALLE,183,98,
NALGONDA,BOMMALARAMARAM,BOINAPALLY,149,88,
NALGONDA,BOMMALARAMARAM,BOMMALARAMARAM,524,283,1.0
NALGONDA,BOMMALARAMARAM,CHEEKATI MAMIDI,318,187,2.0
NALGONDA,BOMMALARAMARAM,CHOUDARPALLI,329,210,
NALGONDA,BOMMALARAMARAM,HAZIPUR,373,190,4.0
NALGONDA,BOMMALARAMARAM,JALALPUR,481,243,2.0
NALGONDA,BOMMALARAMARAM,KANCHALTHANDA,265,219,
NALGONDA,BOMMALARAMARAM,KANDLAKUNTA THANDA,405,317,2.0
NALGONDA,BOMMALARAMARAM,LAXMI THANDA,520,391,2.0
NALGONDA,BOMMALARAMARAM,MACHANPALLI,255,188,
NALGONDA,BOMMALARAMARAM,MAILARAM,359,229,2.0
NALGONDA,BOMMALARAMARAM,MALYALA,244,124,2.0
NALGONDA,BOMMALARAMARAM,MARYALA,470,216,
NALGONDA,BOMMALARAMARAM,MEDIPALLI,397,221,
NALGONDA,BOMMALARAMARAM,NAGENENIPALLI,385,272,
NALGONDA,BOMMALARAMARAM,PEDDAPARVATHAPUR,220,128,
NALGONDA,BOMMALARAMARAM,PILLIGUNDLA THANDA,281,209,
NALGONDA,BOMMALARAMARAM,PYARARAM,386,278,1.0
NALGONDA,BOMMALARAMARAM,RAMLINGAMPALLI,259,142,1.0
NALGONDA,BOMMALARAMARAM,RANGAPURAM,125,83,1.0
NALGONDA,BOMMALARAMARAM,SOLIPETA,221,122,
NALGONDA,BOMMALARAMARAM,THIMMA PURAM,374,286,3.0
NALGONDA,BOMMALARAMARAM,THUMUKUNTA,225,118,1.0
NALGONDA,BOMMALARAMARAM,TIRUMALGIRI,210,138,3.0
NALGONDA,CHANDAM PET,BATCHAPUR,322,233,
NALGONDA,CHANDAM PET,CHANDAMPET,559,386,1.0
NALGONDA,CHANDAM PET,CHINNA MUNAGAL,404,338,
NALGONDA,CHANDAM PET,CHITRIYALA,866,645,10.0
NALGONDA,CHANDAM PET,GAGILLAPUR,798,578,2.0
NALGONDA,CHANDAM PET,KACHARAJ PALLI,657,437,3.0
NALGONDA,CHANDAM PET,KAMBALA PALLI,1337,1053,11.0
NALGONDA,CHANDAM PET,KOTHA PALLI,831,587,2.0
NALGONDA,CHANDAM PET,MUDUDONDLA,703,468,2.0
NALGONDA,CHANDAM PET,MURPUNUTHALA,622,455,3.0
NALGONDA,CHANDAM PET,NERADUGOMMU,2058,1498,7.0
NALGONDA,CHANDAM PET,PEDDAMOOLA,338,218,
NALGONDA,CHANDAM PET,PEDDAMUNIGAL,410,242,1.0
NALGONDA,CHANDAM PET,POGILLA,383,304,2.0
NALGONDA,CHANDAM PET,POLE PALLI,1437,919,2.0
NALGONDA,CHANDAM PET,REKULA GADDA,349,220,1.0
NALGONDA,CHANDAM PET,THELDEVARA PALLI,1153,792,13.0
NALGONDA,CHANDAM PET,TIMMAPURAM,505,333,7.0
NALGONDA,CHANDAM PET,YALMALA MANDA,557,401,2.0
NALGONDA,CHANDUR,ANGADIPETA,477,265,
NALGONDA,CHANDUR,BANGARIGADDA,685,388,3.0
NALGONDA,CHANDUR,BODANGI PARTHY,403,234,
NALGONDA,CHANDUR,CHANDUR,1683,853,2.0
NALGONDA,CHANDUR,DONIPAMULA,670,438,
NALGONDA,CHANDUR,GHATTUPPAL,1207,603,4.0
NALGONDA,CHANDUR,GUDREPALLE,451,247,1.0
NALGONDA,CHANDUR,IDIKUDA,448,294,4.0
NALGONDA,CHANDUR,KASTHALA,664,417,1.0
NALGONDA,CHANDUR,KONDAPURAM,500,301,1.0
NALGONDA,CHANDUR,NERMATA,452,314,3.0
NALGONDA,CHANDUR,PULLEMLA,643,389,1.0
NALGONDA,CHANDUR,SIRDEPALLE,324,213,
NALGONDA,CHANDUR,TERATPALLY,879,516,2.0
NALGONDA,CHANDUR,THUMMALAPALLE,399,239,1.0
NALGONDA,CHANDUR,UDUTHALA PALLE,573,394,3.0
NALGONDA,CHILKUR,ACHARLAGUDEM,234,127,2.0
NALGONDA,CHILKUR,ARLE GUDEM ,392,255,
NALGONDA,CHILKUR,BETHA VOLU,1626,931,4.0
NALGONDA,CHILKUR,CHENNARIGUDEM,277,173,
NALGONDA,CHILKUR,CHILKUR,1370,750,2.0
NALGONDA,CHILKUR,JANAKINAGAR,568,314,2.0
NALGONDA,CHILKUR,JERRIPOTHULAGUDEM,741,399,
NALGONDA,CHILKUR,KONDAPURAM,599,354,
NALGONDA,CHILKUR,NARAYANAPURAM,796,502,
NALGONDA,CHILKUR,POLENIGUDEM,317,189,3.0
NALGONDA,CHILKUR,RAMAPURAM,538,347,1.0
NALGONDA,CHILKUR,SEETHARAMPURAM,192,125,1.0
NALGONDA,CHILKUR,SEETHLATHANDA,319,194,2.0
NALGONDA,CHINTHA PALLE,CHINTHAPALLY,881,468,1.0
NALGONDA,CHINTHA PALLE,GADYA GOWRARAM,757,491,2.0
NALGONDA,CHINTHA PALLE,GODKONDLA,985,558,
NALGONDA,CHINTHA PALLE,GOLLAPALLY,372,223,3.0
NALGONDA,CHINTHA PALLE,HUMANTHULA PALLI,609,388,10.0
NALGONDA,CHINTHA PALLE,KISTRAM PALLY,487,339,1.0
NALGONDA,CHINTHA PALLE,KURMA PALLI,558,305,
NALGONDA,CHINTHA PALLE,KURMAIDU,663,382,3.0
NALGONDA,CHINTHA PALLE,M.MALLEPALLY,455,316,1.0
NALGONDA,CHINTHA PALLE,MADNAPUR,229,120,
NALGONDA,CHINTHA PALLE,MALLAREDDI PALLI,654,404,2.0
NALGONDA,CHINTHA PALLE,MALLE PALLI P.K.KURTHI,250,172,1.0
NALGONDA,CHINTHA PALLE,NASARLA PALLI,514,318,3.0
NALGONDA,CHINTHA PALLE,NELVALA PALLI,426,270,
NALGONDA,CHINTHA PALLE,POLEPALLI RAMNAGAR,724,492,1.0
NALGONDA,CHINTHA PALLE,SAKALSEREPALLY,337,214,
NALGONDA,CHINTHA PALLE,TAKKALLA PALLI,466,330,1.0
NALGONDA,CHINTHA PALLE,TEEDED,799,555,1.0
NALGONDA,CHINTHA PALLE,VARKAL,276,167,
NALGONDA,CHINTHA PALLE,VINJAMOOR,1106,686,4.0
NALGONDA,CHITYALA,AIPOOR,474,286,4.0
NALGONDA,CHITYALA,CHINAKAPARTHY,832,514,1.0
NALGONDA,CHITYALA,CHITYAL,1866,952,7.0
NALGONDA,CHITYALA,GUNDRAMPALLY,719,327,1.0
NALGONDA,CHITYALA,NERADA,702,383,2.0
NALGONDA,CHITYALA,PEDAKAPARTHY,968,573,
NALGONDA,CHITYALA,PERE PALLE,273,143,
NALGONDA,CHITYALA,PITTAM PALLE,302,216,
NALGONDA,CHITYALA,SHIVANENI GUDEM,255,161,5.0
NALGONDA,CHITYALA,SUNKENE PALLE,337,220,2.0
NALGONDA,CHITYALA,TALLA YELLEMLA,660,386,4.0
NALGONDA,CHITYALA,URMADLA,724,424,
NALGONDA,CHITYALA,VANIPAKALA,510,302,
NALGONDA,CHITYALA,VELIMINEDU,1222,646,5.0
NALGONDA,CHITYALA,WATTIMARTHY,424,242,
NALGONDA,CHITYALA,YELIKATTA,445,276,
NALGONDA,CHIVVEMLA,AILAPUR,418,216,2.0
NALGONDA,CHIVVEMLA,BEEBIGUDA,539,282,3.0
NALGONDA,CHIVVEMLA,CHENDUPATLA,923,601,4.0
NALGONDA,CHIVVEMLA,CHIVVEMLA,668,390,2.0
NALGONDA,CHIVVEMLA,DURAJ PALLY,889,521,7.0
NALGONDA,CHIVVEMLA,GAYAMVARI GUDA,318,187,1.0
NALGONDA,CHIVVEMLA,GUNJALURU,385,197,1.0
NALGONDA,CHIVVEMLA,KUDAKUDA,1355,848,3.0
NALGONDA,CHIVVEMLA,LAXMI NAIK THANDA,629,450,2.0
NALGONDA,CHIVVEMLA,MUNYA NAIK THANDA,521,347,1.0
NALGONDA,CHIVVEMLA,PACHYA NAIK THANDA,704,507,2.0
NALGONDA,CHIVVEMLA,PANDYA NAIK THANDA,470,313,1.0
NALGONDA,CHIVVEMLA,ROLLA BANDA THANDA,104,66,
NALGONDA,CHIVVEMLA,THIMMA PUARAM,523,308,3.0
NALGONDA,CHIVVEMLA,THIRUMALAGIRI,682,422,2.0
NALGONDA,CHIVVEMLA,TULJARAO PET,216,131,
NALGONDA,CHIVVEMLA,VALLABHAPUR,505,304,2.0
NALGONDA,CHIVVEMLA,VALYA THANDA,375,311,4.0
NALGONDA,CHIVVEMLA,VATTIKHAMMAM PAHAD,596,375,
NALGONDA,CHOUTUPPAL,ALLAPUR,111,77,
NALGONDA,CHOUTUPPAL,ANKIREDDIGUDEM,287,162,
NALGONDA,CHOUTUPPAL,AREGUDEM,434,273,
NALGONDA,CHOUTUPPAL,CHINNA KONDUR,492,295,
NALGONDA,CHOUTUPPAL,CHOUTUPPAL,1885,937,8.0
NALGONDA,CHOUTUPPAL,DEVALAMMA NAGARAM,609,329,1.0
NALGONDA,CHOUTUPPAL,DHARMOJIGUDA,218,126,
NALGONDA,CHOUTUPPAL,GUNDLABAI GUDEM,233,138,
NALGONDA,CHOUTUPPAL,JAI KESARAM,651,380,
NALGONDA,CHOUTUPPAL,KOYALAGUDA,549,251,
NALGONDA,CHOUTUPPAL,KUNTLAGUDEM,267,155,2.0
NALGONDA,CHOUTUPPAL,LAKKARAM,531,336,2.0
NALGONDA,CHOUTUPPAL,LINGOJI GUDA,373,213,2.0
NALGONDA,CHOUTUPPAL,MAJIDGUDA,202,127,2.0
NALGONDA,CHOUTUPPAL,MALKAPUR,754,416,1.0
NALGONDA,CHOUTUPPAL,MANDOLLAGUDA,291,166,1.0
NALGONDA,CHOUTUPPAL,NELAPATLA,337,203,
NALGONDA,CHOUTUPPAL,PANTHANGI,625,329,1.0
NALGONDA,CHOUTUPPAL,PEDDAKONDUR,262,156,1.0
NALGONDA,CHOUTUPPAL,PEEPAL PAHAD,370,220,
NALGONDA,CHOUTUPPAL,SWAMULAVARI LINGOTAM,515,267,
NALGONDA,CHOUTUPPAL,TALLASINGARAM,344,160,1.0
NALGONDA,CHOUTUPPAL,TANGAD PALLE,1298,729,1.0
NALGONDA,CHOUTUPPAL,TUPRANPET,267,172,
NALGONDA,CHOUTUPPAL,YELLAGIRI,359,203,4.0
NALGONDA,DAMERACHERLA,ADAVI DEVULA PALLI,1199,745,2.0
NALGONDA,DAMERACHERLA,BALAJI THANDA,279,136,1.0
NALGONDA,DAMERACHERLA,BALEEN PALLI,492,314,
NALGONDA,DAMERACHERLA,BOTHALAPALEM,360,152,1.0
NALGONDA,DAMERACHERLA,CHAMPLATHANDA,670,430,5.0
NALGONDA,DAMERACHERLA,CHITYALA,185,141,
NALGONDA,DAMERACHERLA,DAMERACHERLA,1630,856,3.0
NALGONDA,DAMERACHERLA,DILAWARPUR,455,251,
NALGONDA,DAMERACHERLA,GANESH PAHAD,334,230,
NALGONDA,DAMERACHERLA,IRKIGUDEM,342,185,
NALGONDA,DAMERACHERLA,K.J.REDDY COLONY,715,391,
NALGONDA,DAMERACHERLA,KALLE PALLY,556,320,
NALGONDA,DAMERACHERLA,KESAWAPUR,1107,649,8.0
NALGONDA,DAMERACHERLA,KONDRAPOLU,1238,649,2.0
NALGONDA,DAMERACHERLA,MUDIMANIKYAM,329,241,
NALGONDA,DAMERACHERLA,MULKA CHARLA,1018,684,3.0
NALGONDA,DAMERACHERLA,NADIGADDA,259,185,
NALGONDA,DAMERACHERLA,NARSAPUR,478,258,1.0
NALGONDA,DAMERACHERLA,THALLA VEERAPPA GUDEM,548,293,3.0
NALGONDA,DAMERACHERLA,TIMMAPUR,566,426,5.0
NALGONDA,DAMERACHERLA,ULSHAIPALEM,452,270,1.0
NALGONDA,DAMERACHERLA,VACHYA THANDA,714,491,2.0
NALGONDA,DAMERACHERLA,VEERLA PALEM,1126,664,2.0
NALGONDA,DAMERACHERLA,WADAPALLI,1024,582,3.0
NALGONDA,DEVARAKONDA,CHANNAMNENI PALLI,282,181,1.0
NALGONDA,DEVARAKONDA,CHENNARAM,736,512,4.0
NALGONDA,DEVARAKONDA,CHINTHAKUNTLA,931,630,4.0
NALGONDA,DEVARAKONDA,DEVARAKONDA ,94,31,
NALGONDA,DEVARAKONDA,DONIYALA,283,184,
NALGONDA,DEVARAKONDA,GAZINAGAR,1075,706,3.0
NALGONDA,DEVARAKONDA,GOTTIMUKKALA,824,596,1.0
NALGONDA,DEVARAKONDA,GUMMADA VALLY,493,342,1.0
NALGONDA,DEVARAKONDA,IDDAM PALLI,739,470,3.0
NALGONDA,DEVARAKONDA,KOLMUNTHAL PAHAD,952,615,1.0
NALGONDA,DEVARAKONDA,KOMME PALLI,372,253,
NALGONDA,DEVARAKONDA,KONDABHEEMANA PALLI,1320,834,3.0
NALGONDA,DEVARAKONDA,KONDAMALLE PALLI,1619,917,4.0
NALGONDA,DEVARAKONDA,MADMADKA,648,466,4.0
NALGONDA,DEVARAKONDA,MUDIGONDA,1799,1230,7.0
NALGONDA,DEVARAKONDA,MYNAM PALLI,600,368,
NALGONDA,DEVARAKONDA,PADAMATI PALLI,702,402,
NALGONDA,DEVARAKONDA,PENDLI PAKALA,952,605,1.0
NALGONDA,DEVARAKONDA,SERE PALLI,846,609,3.0
NALGONDA,DEVARAKONDA,TATIKOLE,1382,942,3.0
NALGONDA,DEVARAKONDA,TELUGUPALLY,468,337,
NALGONDA,DEVARAKONDA,TURUPU PALLI,927,563,6.0
NALGONDA,GARIDEPALLE,ABBIREDDYGUDEM,261,164,1.0
NALGONDA,GARIDEPALLE,APPANNAPETA,357,183,
NALGONDA,GARIDEPALLE,GADDI PALLI,683,411,
NALGONDA,GARIDEPALLE,GANUGA BANDA,630,383,3.0
NALGONDA,GARIDEPALLE,GARIDE PALLI,2069,1233,3.0
NALGONDA,GARIDEPALLE,KACHAVARIGUDEM,175,118,
NALGONDA,GARIDEPALLE,KALMALA CHERVU,1174,727,6.0
NALGONDA,GARIDEPALLE,KALUVA PALLY,377,254,
NALGONDA,GARIDEPALLE,KEETHAVARIGUDEM,641,388,4.0
NALGONDA,GARIDEPALLE,KODANDARAMPURAM,134,89,
NALGONDA,GARIDEPALLE,KOTHAGUDEM,586,382,
NALGONDA,GARIDEPALLE,KUTHUBSHA PURAM,505,328,
NALGONDA,GARIDEPALLE,L.B.NAGAR,152,122,1.0
NALGONDA,GARIDEPALLE,PONUGODU,1341,793,7.0
NALGONDA,GARIDEPALLE,RAINI GUDEM,791,526,1.0
NALGONDA,GARIDEPALLE,SARVARAM,718,469,
NALGONDA,GARIDEPALLE,TALLA MALKAPURAM,683,368,1.0
NALGONDA,GARIDEPALLE,VELIDANDA,588,402,
NALGONDA,GUNDALA,AMBALA,397,254,1.0
NALGONDA,GUNDALA,ANANTARAM,549,395,1.0
NALGONDA,GUNDALA,BANDAKOTHA PALLE,474,313,
NALGONDA,GUNDALA,BRAHMAN PALLE,337,223,
NALGONDA,GUNDALA,GANGAPUR,205,133,
NALGONDA,GUNDALA,GUNDALA,680,373,
NALGONDA,GUNDALA,KOMME PALLE,208,120,1.0
NALGONDA,GUNDALA,MARPADAGA,460,284,
NALGONDA,GUNDALA,MASAN PALLE,468,331,1.0
NALGONDA,GUNDALA,NUNEGUDA,284,190,
NALGONDA,GUNDALA,PALLE PAHAD,321,193,
NALGONDA,GUNDALA,PARU PALLE,418,273,
NALGONDA,GUNDALA,PEDDA PADISHALA,571,399,
NALGONDA,GUNDALA,RAMARAM,360,241,
NALGONDA,GUNDALA,SEETARAMPUR,507,274,
NALGONDA,GUNDALA,SUDDALA,496,315,
NALGONDA,GUNDALA,TERYALA,412,273,
NALGONDA,GUNDALA,TURKALA SHAPUR,576,418,
NALGONDA,GUNDALA,VASTHA KONDUR,496,318,
NALGONDA,GUNDALA,VELMAJALA,655,460,1.0
NALGONDA,GUNDLA PALLE,BOGGULADONA,564,374,
NALGONDA,GUNDLA PALLE,BOLLANA PALLI,746,495,2.0
NALGONDA,GUNDLA PALLE,CHERKU PALLI,1245,812,3.0
NALGONDA,GUNDLA PALLE,DASARINEMLIPUR,300,188,
NALGONDA,GUNDLA PALLE,GONABOINA PALLI,1428,992,4.0
NALGONDA,GUNDLA PALLE,GUNDLA PALLI,1280,720,8.0
NALGONDA,GUNDLA PALLE,KAME PALLI,412,281,1.0
NALGONDA,GUNDLA PALLE,KANDUKUR,794,495,3.0
NALGONDA,GUNDLA PALLE,KHANAPUR,360,214,1.0
NALGONDA,GUNDLA PALLE,RAHMATPUR,409,265,2.0
NALGONDA,GUNDLA PALLE,SINGARAJ PALLI,343,240,2.0
NALGONDA,GUNDLA PALLE,TIPPALANENI GOWRARAM,458,297,1.0
NALGONDA,GUNDLA PALLE,TOWKLAPUR,1195,852,3.0
NALGONDA,GUNDLA PALLE,VAVILKOLE,1003,662,
NALGONDA,GUNDLA PALLE,VEERABOINA PALLI,721,543,3.0
NALGONDA,GUNDLA PALLE,YERRARAM,552,325,1.0
NALGONDA,GURRAMPODE,AMULUR,224,142,
NALGONDA,GURRAMPODE,BOLLARAM (P) KOPPOLE,217,126,
NALGONDA,GURRAMPODE,CHAMLED,473,295,1.0
NALGONDA,GURRAMPODE,CHEPUR,869,542,3.0
NALGONDA,GURRAMPODE,CHINTHAGUDAM,305,225,2.0
NALGONDA,GURRAMPODE,GURRAM PODE,612,366,2.0
NALGONDA,GURRAMPODE,JUNUTHLA,699,506,3.0
NALGONDA,GURRAMPODE,KALWAPALLI,252,171,1.0
NALGONDA,GURRAMPODE,KOPPOLE,1332,817,3.0
NALGONDA,GURRAMPODE,MAKKA PALLI,329,190,
NALGONDA,GURRAMPODE,MOSANGI,525,313,3.0
NALGONDA,GURRAMPODE,NADIKUDA,445,294,
NALGONDA,GURRAMPODE,OOTLAPALLI,223,142,
NALGONDA,GURRAMPODE,PALLE PAHAD,264,196,
NALGONDA,GURRAMPODE,PALWAI,850,550,4.0
NALGONDA,GURRAMPODE,PITTALAGUDEM,344,162,1.0
NALGONDA,GURRAMPODE,POCHAMPALLI,460,293,2.0
NALGONDA,GURRAMPODE,SULTHANPUR,246,176,1.0
NALGONDA,GURRAMPODE,TENEPALLI,683,470,5.0
NALGONDA,GURRAMPODE,THANEDAR PALLI,724,450,2.0
NALGONDA,GURRAMPODE,VATTIKODE,542,365,3.0
NALGONDA,HUZURNAGAR,AMARA VARAM,809,528,3.0
NALGONDA,HUZURNAGAR,ANJALIPURAM,138,85,1.0
NALGONDA,HUZURNAGAR,BURUGADDA,905,547,2.0
NALGONDA,HUZURNAGAR,GOPALAPURAM,451,231,1.0
NALGONDA,HUZURNAGAR,HUZUR NAGAR,303,160,1.0
NALGONDA,HUZURNAGAR,KARAKKAYALAGUDEM,319,145,
NALGONDA,HUZURNAGAR,LAKKA VARAM,555,343,4.0
NALGONDA,HUZURNAGAR,LINGAGIRI,684,416,1.0
NALGONDA,HUZURNAGAR,SRINIVASAPURAM,407,242,1.0
NALGONDA,HUZURNAGAR,YAPALA SINGARAM,1024,615,3.0
NALGONDA,JAJIREDDI GUDEM,ADIVEMULA,429,296,
NALGONDA,JAJIREDDI GUDEM,DEVARANENI KOTHA PALLE,488,275,1.0
NALGONDA,JAJIREDDI GUDEM,JAJI REDDI GUDEM,2154,1294,1.0
NALGONDA,JAJIREDDI GUDEM,KASARLA PAHAD,622,397,2.0
NALGONDA,JAJIREDDI GUDEM,KODUR,415,258,1.0
NALGONDA,JAJIREDDI GUDEM,KOMMALA,1029,648,2.0
NALGONDA,JAJIREDDI GUDEM,KUNCHAMARTHI,492,306,1.0
NALGONDA,JAJIREDDI GUDEM,LOYALPALLI,344,212,
NALGONDA,JAJIREDDI GUDEM,MACHIREDDIPALLY,279,178,
NALGONDA,JAJIREDDI GUDEM,NAGARAM,687,424,2.0
NALGONDA,JAJIREDDI GUDEM,PARSAI PALLLE,644,341,2.0
NALGONDA,JAJIREDDI GUDEM,THIMMAPURAM,700,452,3.0
NALGONDA,JAJIREDDI GUDEM,WARDHAMANU KOTA,1558,1005,1.0
NALGONDA,KANGAL,BACHANNAGUDA,280,168,
NALGONDA,KANGAL,BOINAPALLE,500,340,2.0
NALGONDA,KANGAL,CHENNARAM,241,167,1.0
NALGONDA,KANGAL,CHERLA GOURARAM,607,335,1.0
NALGONDA,KANGAL,CHETLA CHENNARAM,374,207,1.0
NALGONDA,KANGAL,CHINNA MADHARAM,431,281,2.0
NALGONDA,KANGAL,DERVESHPUR,322,191,1.0
NALGONDA,KANGAL,DOREPALLE,419,276,3.0
NALGONDA,KANGAL,GADDAMVARI YADAVALLY,1023,600,3.0
NALGONDA,KANGAL,KANAGAL,749,386,3.0
NALGONDA,KANGAL,KURAMPALLY,444,278,1.0
NALGONDA,KANGAL,LACHUGUDEM,315,230,
NALGONDA,KANGAL,PAGIDI MARRI,488,289,
NALGONDA,KANGAL,PARVATHAGIRI,398,266,1.0
NALGONDA,KANGAL,PONUGODE,639,353,2.0
NALGONDA,KANGAL,RAMACHANDRAPURAM,268,157,2.0
NALGONDA,KANGAL,REGATTE,590,403,6.0
NALGONDA,KANGAL,SERILINGOTAM,391,249,1.0
NALGONDA,KANGAL,SHAHABDULLA PUR,158,106,
NALGONDA,KANGAL,TELAKANTIGUDA,405,257,1.0
NALGONDA,KANGAL,THORAGAL,372,229,2.0
NALGONDA,KANGAL,TURKA PALLE,522,364,1.0
NALGONDA,KATTANGOOR,AITI PAMULA,1539,952,2.0
NALGONDA,KATTANGOOR,BOLLEPALLE,709,428,
NALGONDA,KATTANGOOR,CHERUVANNARAM,614,364,1.0
NALGONDA,KATTANGOOR,DUGENEVALLY,565,330,
NALGONDA,KATTANGOOR,EDULUR,881,498,1.0
NALGONDA,KATTANGOOR,GARLABAIGUDEM,268,152,
NALGONDA,KATTANGOOR,KALMERA,365,217,
NALGONDA,KATTANGOOR,KATTANGOOR,1295,680,7.0
NALGONDA,KATTANGOOR,KURUMARTHY,538,357,4.0
NALGONDA,KATTANGOOR,MUNUKUNTLA,544,327,1.0
NALGONDA,KATTANGOOR,MUTYALAMMAGUDEM,471,248,1.0
NALGONDA,KATTANGOOR,NAREGUDEM,311,194,
NALGONDA,KATTANGOOR,PAMANAGUNDLA,314,178,
NALGONDA,KATTANGOOR,PANDENA PALLE,239,148,
NALGONDA,KATTANGOOR,PARADA,584,347,
NALGONDA,KATTANGOOR,PITTAM PALLE,554,316,1.0
NALGONDA,KATTANGOOR,YERSANIGUDA,313,178,
NALGONDA,KETHEPALLE,BHEEMAVARAM,826,509,2.0
NALGONDA,KETHEPALLE,BONDAPALEM,160,130,1.0
NALGONDA,KETHEPALLE,BOPPARAM,331,184,2.0
NALGONDA,KETHEPALLE,CHERUKU PALLY,716,441,3.0
NALGONDA,KETHEPALLE,GUDIWADA,867,627,1.0
NALGONDA,KETHEPALLE,INPAMULA,682,307,1.0
NALGONDA,KETHEPALLE,KASANGODE,477,256,
NALGONDA,KETHEPALLE,KETHE PALLE,1257,748,2.0
NALGONDA,KETHEPALLE,KONDAKINDIGUDEM,229,136,
NALGONDA,KETHEPALLE,KOPPOLE,675,453,
NALGONDA,KETHEPALLE,KORLAPAHAD,627,377,3.0
NALGONDA,KETHEPALLE,KOTHAPETA,516,336,3.0
NALGONDA,KETHEPALLE,THUNGATHURTHY,565,375,4.0
NALGONDA,KETHEPALLE,UPPALA PAHAD,279,177,
NALGONDA,KODAD,AMEENABAD,430,216,1.0
NALGONDA,KODAD,ANANTHA GIRI,591,378,3.0
NALGONDA,KODAD,BHEEKYA THANDA,360,248,
NALGONDA,KODAD,BOJJAGUDEM THANDA,363,194,
NALGONDA,KODAD,CHIMIRYALA,708,359,
NALGONDA,KODAD,DORAKUNTA,676,350,1.0
NALGONDA,KODAD,GANAPA VARAM,973,614,3.0
NALGONDA,KODAD,GOL THANDA,492,313,1.0
NALGONDA,KODAD,GONDRIYALA,590,376,2.0
NALGONDA,KODAD,GUDIBANDA,914,448,3.0
NALGONDA,KODAD,KAPUGAL,1110,663,4.0
NALGONDA,KODAD,KHANA PURAM,394,245,1.0
NALGONDA,KODAD,KISTAPURAM,192,113,
NALGONDA,KODAD,KODAD,16,9,
NALGONDA,KODAD,KOMARABANDA,851,530,5.0
NALGONDA,KODAD,KOTHAGUDEM,255,143,
NALGONDA,KODAD,KUCHIPUDI,598,371,
NALGONDA,KODAD,KUCHIPUDI THANDA,122,74,
NALGONDA,KODAD,LAKMA VARAM,265,142,
NALGONDA,KODAD,MOGALAIKOTA,389,236,
NALGONDA,KODAD,NALLABANDA GUDEM,586,380,1.0
NALGONDA,KODAD,RAMALAXMIPURAM,248,134,
NALGONDA,KODAD,REDLA KUNTA,480,303,2.0
NALGONDA,KODAD,SHANTINAGAR,441,244,
NALGONDA,KODAD,THAMMARABANDAPALEM,1049,624,3.0
NALGONDA,KODAD,THOGARRAI,791,496,1.0
NALGONDA,KODAD,VENKATRAMPURAM,389,270,
NALGONDA,KODAD,YERRARAM,290,160,
NALGONDA,M.TURKAPALLE,CHINA LAXMA PURAM,268,213,
NALGONDA,M.TURKAPALLE,DATHAI PALLE,345,211,1.0
NALGONDA,M.TURKAPALLE,DHARMARAM,266,200,
NALGONDA,M.TURKAPALLE,GANDAMALLA,847,614,
NALGONDA,M.TURKAPALLE,GOLLAGUDA,290,238,1.0
NALGONDA,M.TURKAPALLE,GOPAL PURAM,279,207,
NALGONDA,M.TURKAPALLE,IBRAHIMPUR,289,142,1.0
NALGONDA,M.TURKAPALLE,KONAPUR,203,156,1.0
NALGONDA,M.TURKAPALLE,KONDAPUR,297,187,1.0
NALGONDA,M.TURKAPALLE,M.TURKAPALLY,482,249,
NALGONDA,M.TURKAPALLE,MADHA PURAM,748,434,3.0
NALGONDA,M.TURKAPALLE,MALKA PURAM,453,372,1.0
NALGONDA,M.TURKAPALLE,MOTHIRAM THANDA,201,129,
NALGONDA,M.TURKAPALLE,MULAKALA PALLE,542,373,3.0
NALGONDA,M.TURKAPALLE,NAGAI PALLE,300,235,1.0
NALGONDA,M.TURKAPALLE,PALLE PAHAD,190,112,2.0
NALGONDA,M.TURKAPALLE,PEDDA THANDA,467,387,1.0
NALGONDA,M.TURKAPALLE,RUSTA PURAM,146,77,
NALGONDA,M.TURKAPALLE,TIRUMALAPUR,271,166,
NALGONDA,M.TURKAPALLE,VASALA MARRI,390,212,2.0
NALGONDA,M.TURKAPALLE,VEERAREDDI PALLE,496,321,1.0
NALGONDA,M.TURKAPALLE,VELPUPALLE,205,131,
NALGONDA,M.TURKAPALLE,VENKATAPUR,257,141,1.0
NALGONDA,MARRIGUDA,AJLAPOOR,291,195,1.0
NALGONDA,MARRIGUDA,ANTHAMPET,713,451,2.0
NALGONDA,MARRIGUDA,DAMERA BHEEMAN PALLE,905,563,1.0
NALGONDA,MARRIGUDA,KHUDABAKSH PALLEY,1114,681,3.0
NALGONDA,MARRIGUDA,KONDUR,340,201,
NALGONDA,MARRIGUDA,LENKALA PALLE,568,352,1.0
NALGONDA,MARRIGUDA,MARRIGUDA,703,391,1.0
NALGONDA,MARRIGUDA,METICHANDAPUR,275,166,
NALGONDA,MARRIGUDA,NAMAPUR,424,245,1.0
NALGONDA,MARRIGUDA,RAMREDDI PALLE,662,394,5.0
NALGONDA,MARRIGUDA,SARAMPET,329,199,1.0
NALGONDA,MARRIGUDA,SIVANNAGUDEM,1042,603,4.0
NALGONDA,MARRIGUDA,TAMMAD PALLE,235,131,3.0
NALGONDA,MARRIGUDA,TIRGANDLA PALLE,404,245,
NALGONDA,MARRIGUDA,VATTI PALLE,616,336,2.0
NALGONDA,MARRIGUDA,YERGANDLA PALLE,651,393,1.0
NALGONDA,MATTAM PALLE,ALLIPURAM,487,300,1.0
NALGONDA,MATTAM PALLE,BAKKAMANTHULA GUDEM,531,344,2.0
NALGONDA,MATTAM PALLE,BHEELYANAIK THANDA,988,679,4.0
NALGONDA,MATTAM PALLE,CHANNAYA PALEM,359,224,
NALGONDA,MATTAM PALLE,CHOUTAPALLI,714,421,4.0
NALGONDA,MATTAM PALLE,GUNDLA PALLI,243,166,1.0
NALGONDA,MATTAM PALLE,HANUMANTHULAGUDEM,256,175,2.0
NALGONDA,MATTAM PALLE,K.DONABANDA THANDA,517,317,1.0
NALGONDA,MATTAM PALLE,MANCHYAGANI THANDA,421,260,1.0
NALGONDA,MATTAM PALLE,MATTAM PALLI,1452,865,4.0
NALGONDA,MATTAM PALLE,MATTAPALLI,252,163,
NALGONDA,MATTAM PALLE,PEDDA VEEDU,1235,679,4.0
NALGONDA,MATTAM PALLE,RAGHUNADHA PALEM,1370,763,8.0
NALGONDA,MATTAM PALLE,RAMACHANDRAPURAM,786,464,2.0
NALGONDA,MATTAM PALLE,VARDHA PURAM,452,285,
NALGONDA,MATTAM PALLE,YATAVAKILLA,485,260,2.0
NALGONDA,MELLA CHERUVU,ADLUR,666,442,1.0
NALGONDA,MELLA CHERUVU,CHINTHALA PALEM,1472,943,3.0
NALGONDA,MELLA CHERUVU,CHINTRIYALA,456,287,
NALGONDA,MELLA CHERUVU,DONDA PADU,1728,1040,5.0
NALGONDA,MELLA CHERUVU,GUDI MALKA PURAM,492,320,5.0
NALGONDA,MELLA CHERUVU,HEMLATHANDA,1124,771,1.0
NALGONDA,MELLA CHERUVU,KANDIBANDA,1188,714,3.0
NALGONDA,MELLA CHERUVU,KISTAPURAM,443,283,
NALGONDA,MELLA CHERUVU,MELLA CHERVU,2400,1341,4.0
NALGONDA,MELLA CHERUVU,NAKKAGUDEM,518,333,
NALGONDA,MELLA CHERUVU,NEMALIPURI,444,320,
NALGONDA,MELLA CHERUVU,RAMAPURAM,1335,794,3.0
NALGONDA,MELLA CHERUVU,REBALLE,269,183,
NALGONDA,MELLA CHERUVU,REVURU,722,458,3.0
NALGONDA,MELLA CHERUVU,THAMMARAM,936,603,3.0
NALGONDA,MELLA CHERUVU,VAJINE PALLI,236,179,
NALGONDA,MELLA CHERUVU,VELLATUR,756,556,3.0
NALGONDA,MELLA CHERUVU,YAPALA MADHARAM,603,388,4.0
NALGONDA,MELLA CHERUVU,YATHIRAJAPURAM THANDA,460,305,3.0
NALGONDA,MIRYALAGUDA,ALAGADAPA,949,516,3.0
NALGONDA,MIRYALAGUDA,ANNARAM,405,202,
NALGONDA,MIRYALAGUDA,BADALA PURAM,564,271,1.0
NALGONDA,MIRYALAGUDA,CHILLAPURAM,269,139,
NALGONDA,MIRYALAGUDA,CHINTHA PALLI,735,380,1.0
NALGONDA,MIRYALAGUDA,DONDAVARI GUDEM,360,247,
NALGONDA,MIRYALAGUDA,GOGUVANIGUDEM,271,164,
NALGONDA,MIRYALAGUDA,GUDUR,796,430,3.0
NALGONDA,MIRYALAGUDA,ILAPURAM,466,267,4.0
NALGONDA,MIRYALAGUDA,KALVA PALLI,389,208,4.0
NALGONDA,MIRYALAGUDA,KOTHAGUDA,463,219,1.0
NALGONDA,MIRYALAGUDA,MULKAL KALVA,187,130,
NALGONDA,MIRYALAGUDA,NANDI PAHAD,583,299,4.0
NALGONDA,MIRYALAGUDA,RAYAN PALEM,621,413,2.0
NALGONDA,MIRYALAGUDA,RUDRARAM,624,364,2.0
NALGONDA,MIRYALAGUDA,TADKAMALLA,870,623,5.0
NALGONDA,MIRYALAGUDA,TAKKELLAPAHAD,772,512,2.0
NALGONDA,MIRYALAGUDA,THUNGA PAHAD,1467,879,3.0
NALGONDA,MIRYALAGUDA,VENKATADRI PALEM,1250,717,3.0
NALGONDA,MIRYALAGUDA,VOOTLA PALLI,617,374,1.0
NALGONDA,MIRYALAGUDA,YADGARPALLI,845,495,2.0
NALGONDA,MIRYALAGUDA,ZAPTIVEERAPPA GUDA,663,310,
NALGONDA,MOTHEY,ANNARIGUDEM,408,286,
NALGONDA,MOTHEY,BURKACHARLA,852,637,1.0
NALGONDA,MOTHEY,HUSSAINBAD,526,365,1.0
NALGONDA,MOTHEY,KUDALI,392,259,4.0
NALGONDA,MOTHEY,LAL THANDA,652,416,
NALGONDA,MOTHEY,MAMILLAGUDEM,496,273,
NALGONDA,MOTHEY,MOTHEY,605,381,5.0
NALGONDA,MOTHEY,NAMAVARAM,739,473,1.0
NALGONDA,MOTHEY,NEREDAVAI,474,323,
NALGONDA,MOTHEY,RAGHAVAPUR,527,366,1.0
NALGONDA,MOTHEY,RAMAPURAM THANDA,504,400,1.0
NALGONDA,MOTHEY,RAVI PAHAD,923,635,3.0
NALGONDA,MOTHEY,SARVARAM,401,302,1.0
NALGONDA,MOTHEY,SIRIKONDA,1044,725,1.0
NALGONDA,MOTHEY,THUMMALA PALLE,350,218,
NALGONDA,MOTHEY,TUMMAGUDEM,626,460,2.0
NALGONDA,MOTHEY,URLUGONDA,821,565,5.0
NALGONDA,MOTHEY,VIBHALAPUR,485,297,
NALGONDA,MOTHKUR,ADDA GUDUR,752,440,3.0
NALGONDA,MOTHKUR,ANAJIPUR,303,159,
NALGONDA,MOTHKUR,AZIMPET,473,338,3.0
NALGONDA,MOTHKUR,BIJILAPUR,332,185,
NALGONDA,MOTHKUR,BODDUGUDEM,310,174,
NALGONDA,MOTHKUR,CHINNAPADISHALA,285,199,
NALGONDA,MOTHKUR,CHIRRA GUDUR,304,181,
NALGONDA,MOTHKUR,CHOULLA RAMARAM,449,310,
NALGONDA,MOTHKUR,DACHARAM,543,314,
NALGONDA,MOTHKUR,DATTAPPAGUDA,568,369,1.0
NALGONDA,MOTHKUR,DHARMARAM,219,154,2.0
NALGONDA,MOTHKUR,GOVINDAPOOR,128,80,1.0
NALGONDA,MOTHKUR,JANAKIPUR,350,241,1.0
NALGONDA,MOTHKUR,KANCHAN PALLE,430,310,
NALGONDA,MOTHKUR,KONDA GADAPA,625,408,4.0
NALGONDA,MOTHKUR,KOTAMARTHI,670,413,2.0
NALGONDA,MOTHKUR,LAXMIDEVI KALWA,341,232,2.0
NALGONDA,MOTHKUR,MANAIKUNTA,226,161,
NALGONDA,MOTHKUR,MOTHKUR,2298,1380,8.0
NALGONDA,MOTHKUR,MUSITPATLA,245,169,
NALGONDA,MOTHKUR,PALADUGU,449,243,
NALGONDA,MOTHKUR,PANAKA BANDA,238,155,
NALGONDA,MOTHKUR,PATIMATLA,265,146,
NALGONDA,MOTHKUR,PODICHEDU,524,307,1.0
NALGONDA,MOTHKUR,REPAKA (P),548,331,4.0
NALGONDA,MOTHKUR,SADARSHAPUR,246,157,
NALGONDA,MOTHKUR,SINGARAM (P),403,254,
NALGONDA,MOTHKUR,VELDEVI,268,163,2.0
NALGONDA,MUNAGALA,AKUPAMULA,924,531,2.0
NALGONDA,MUNAGALA,BARAKATH GUDA,952,573,2.0
NALGONDA,MUNAGALA,GANAPAVARAM,338,204,2.0
NALGONDA,MUNAGALA,JAGANNADAPURAM,306,221,
NALGONDA,MUNAGALA,KALAKOVA,518,314,1.0
NALGONDA,MUNAGALA,KOKKIRENI,228,118,1.0
NALGONDA,MUNAGALA,MADHAVARAM,421,257,2.0
NALGONDA,MUNAGALA,MUKUNDAPURAM,503,330,6.0
NALGONDA,MUNAGALA,MUNAGALA,1117,592,4.0
NALGONDA,MUNAGALA,NARASIMHULAGUDAM,720,506,2.0
NALGONDA,MUNAGALA,NARAYANAGUDEM,423,207,
NALGONDA,MUNAGALA,NELA MARRI,602,409,1.0
NALGONDA,MUNAGALA,REPALA,651,417,7.0
NALGONDA,MUNAGALA,TADVAI,575,401,
NALGONDA,MUNAGALA,TIMMAREDDIGUDEM,293,166,
NALGONDA,MUNAGALA,VENKATRAMPURAM,202,122,
NALGONDA,MUNAGALA,VIJAYARAGHAVAPURAM,337,205,
NALGONDA,MUNUGODE,CHALMEDA,273,173,
NALGONDA,MUNUGODE,CHEEKATI MAMIDI,692,460,
NALGONDA,MUNUGODE,CHOLLEDU,535,352,2.0
NALGONDA,MUNUGODE,GUDAPUR,312,170,1.0
NALGONDA,MUNUGODE,IPPARTHY,332,223,1.0
NALGONDA,MUNUGODE,JAMASTHAN PALLE,155,91,
NALGONDA,MUNUGODE,KALAVALA PALLE,517,322,
NALGONDA,MUNUGODE,KALWAKUNTLA,229,121,
NALGONDA,MUNUGODE,KASLAPURAM,153,98,
NALGONDA,MUNUGODE,KISTAPURAM,406,257,3.0
NALGONDA,MUNUGODE,KOMPALLE,538,330,1.0
NALGONDA,MUNUGODE,KORATIKAL,933,622,2.0
NALGONDA,MUNUGODE,KOTHULARAM,216,102,2.0
NALGONDA,MUNUGODE,MUNUGODE,1978,1156,12.0
NALGONDA,MUNUGODE,PALIVELA,531,281,2.0
NALGONDA,MUNUGODE,PULIPALPULA,668,389,
NALGONDA,MUNUGODE,RATHI PALLE,182,111,1.0
NALGONDA,MUNUGODE,SINGARAM,270,146,
NALGONDA,MUNUGODE,SOLIPUR,121,91,2.0
NALGONDA,MUNUGODE,VELMAKANNE,545,342,2.0
NALGONDA,MUNUGODE,VOOKONDI,500,311,2.0
NALGONDA,NADIGUDEM,BRUNDAVAN PURAM,394,275,3.0
NALGONDA,NADIGUDEM,CHAKIRALA,174,115,1.0
NALGONDA,NADIGUDEM,CHAN PALLE,229,128,
NALGONDA,NADIGUDEM,CHENNA KESHAVAPURAM ,318,192,1.0
NALGONDA,NADIGUDEM,EKLASHKHAN PET,243,166,
NALGONDA,NADIGUDEM,KAGITARAMACHANDRA PURAM,510,315,
NALGONDA,NADIGUDEM,KARIVIRALA,338,196,3.0
NALGONDA,NADIGUDEM,NADIGUDEM,797,414,3.0
NALGONDA,NADIGUDEM,NARAYANPURAM,278,200,2.0
NALGONDA,NADIGUDEM,PALARAM,607,325,2.0
NALGONDA,NADIGUDEM,RAMA PURAM,472,300,1.0
NALGONDA,NADIGUDEM,RATNA VARAM,408,246,4.0
NALGONDA,NADIGUDEM,SIRIPURAM,726,471,1.0
NALGONDA,NADIGUDEM,SRIRANGAPURAM,261,171,2.0
NALGONDA,NADIGUDEM,TELLABALLI,330,202,1.0
NALGONDA,NADIGUDEM,TRIPURAVARAM,580,338,14.0
NALGONDA,NADIGUDEM,VALLAPURAM,681,428,5.0
NALGONDA,NADIGUDEM,VENUGOPALAPURAM,400,293,
NALGONDA,NADIGUDEM,VOILA SINGARAM,576,385,1.0
NALGONDA,NADIGUDEM,YASANTA PURAM,199,122,
NALGONDA,NAKREKAL,Chandampalle,367,213,
NALGONDA,NAKREKAL,CHANDUPATLA,738,425,
NALGONDA,NAKREKAL,GORENKAL PALLE,551,389,
NALGONDA,NAKREKAL,Kadaparthy,584,350,2.0
NALGONDA,NAKREKAL,MANDALAPUR,254,153,
NALGONDA,NAKREKAL,MANGALI PALLY,667,428,3.0
NALGONDA,NAKREKAL,MARRUR,447,267,
NALGONDA,NAKREKAL,NAKREKAL,3744,1736,6.0
NALGONDA,NAKREKAL,Nellibanda,190,113,
NALGONDA,NAKREKAL,NOMULA,1142,750,5.0
NALGONDA,NAKREKAL,Not Allotted,51,25,
NALGONDA,NAKREKAL,OGODE,605,327,
NALGONDA,NAKREKAL,PALEM,369,225,3.0
NALGONDA,NAKREKAL,Tatikal,713,381,2.0
NALGONDA,NAKREKAL,VALLABHAPUR,310,176,
NALGONDA,NALGONDA,ANANTHARAM,665,413,1.0
NALGONDA,NALGONDA,ANNAREDDY GUDA,129,85,1.0
NALGONDA,NALGONDA,ANNEPARTHY,365,185,1.0
NALGONDA,NALGONDA,APPAJI PETA,782,433,2.0
NALGONDA,NALGONDA,ARJALABAVI,16,13,
NALGONDA,NALGONDA,BUDDHARAM,300,168,5.0
NALGONDA,NALGONDA,CHANDAN PALLE,545,274,
NALGONDA,NALGONDA,DANDAMPALLY,472,266,
NALGONDA,NALGONDA,DONAKAL,345,223,
NALGONDA,NALGONDA,G.K.ANNARAM,188,111,1.0
NALGONDA,NALGONDA,GUNDLA PALLE,230,128,
NALGONDA,NALGONDA,K.KONDARAM,349,217,
NALGONDA,NALGONDA,KANCHAN PALLE ,542,298,
NALGONDA,NALGONDA,M.DOMALAPALLE,721,407,3.0
NALGONDA,NALGONDA,MARRIGUDA,21,10,
NALGONDA,NALGONDA,MELLA DUPPALA PALLE,315,157,
NALGONDA,NALGONDA,MUSHAM PALLE,469,265,
NALGONDA,NALGONDA,NARSING BATLA,943,625,6.0
NALGONDA,NALGONDA,VELUGU PALLE,404,249,
NALGONDA,NAMPALLE,BANDA THIMMAPUR,448,311,
NALGONDA,NAMPALLE,CHAMALA PALLI,598,399,1.0
NALGONDA,NAMPALLE,CHITTAM PAHAD,530,315,2.0
NALGONDA,NAMPALLE,DAMERA,534,394,2.0
NALGONDA,NAMPALLE,DEVATH PALLI,519,363,3.0
NALGONDA,NAMPALLE,GHATLA MALLA PALLI,378,244,2.0
NALGONDA,NAMPALLE,MALLAPRAJ PALLI,352,220,
NALGONDA,NAMPALLE,MEDLAVAI,681,440,3.0
NALGONDA,NAMPALLE,MOHAMADAPUR,409,251,2.0
NALGONDA,NAMPALLE,MUSTI PALLI,784,558,2.0
NALGONDA,NAMPALLE,NAMPALLY,718,408,4.0
NALGONDA,NAMPALLE,NARSIMLUGUDA,203,146,
NALGONDA,NAMPALLE,NERALLA PALLI,458,306,1.0
NALGONDA,NAMPALLE,PASNOOR,1109,818,4.0
NALGONDA,NAMPALLE,PEDDAPUR,615,392,
NALGONDA,NAMPALLE,RAMDAS THANDA,383,275,1.0
NALGONDA,NAMPALLE,REBELLI,252,165,
NALGONDA,NAMPALLE,SWAMULAVARI LINGOTAM,575,364,
NALGONDA,NAMPALLE,THUMMALAPALLY,419,287,
NALGONDA,NAMPALLE,TUNGAPATI GOURARAM,508,346,4.0
NALGONDA,NAMPALLE,VADDE PALLI,377,259,2.0
NALGONDA,NARAYANAPUR,CHILLAPURAM,854,527,1.0
NALGONDA,NARAYANAPUR,CHIMIRIYALA,272,186,
NALGONDA,NARAYANAPUR,GUDDIMALKAPURAM,480,282,3.0
NALGONDA,NARAYANAPUR,GUJJA,556,305,4.0
NALGONDA,NARAYANAPUR,JANAGAM ,1465,1019,2.0
NALGONDA,NARAYANAPUR,KANKANAL GUDEM,254,142,1.0
NALGONDA,NARAYANAPUR,KOTHAGUDEM,285,173,
NALGONDA,NARAYANAPUR,MAHAMMADABAD,246,135,1.0
NALGONDA,NARAYANAPUR,NARAYANAPUR,1528,840,8.0
NALGONDA,NARAYANAPUR,PUTTAPAKA,892,530,2.0
NALGONDA,NARAYANAPUR,RACHAKONDA,362,261,
NALGONDA,NARAYANAPUR,SARVAIL,1660,972,4.0
NALGONDA,NARAYANAPUR,VAILA PALLE,1245,863,2.0
NALGONDA,NARKETPALLE,AKKENE PALLE,636,377,3.0
NALGONDA,NARKETPALLE,AKKENEPALLIVARILINGOTAM,368,233,1.0
NALGONDA,NARKETPALLE,AMMANABOLE,845,513,2.0
NALGONDA,NARKETPALLE,AURAVANI,420,255,1.0
NALGONDA,NARKETPALLE,BENDALAPAHAD,201,132,
NALGONDA,NARKETPALLE,BRAHMANVELLEMLA,679,333,1.0
NALGONDA,NARKETPALLE,CHERUGHAT,348,175,2.0
NALGONDA,NARKETPALLE,CHINNATHUMMALAGUDEM,461,274,1.0
NALGONDA,NARKETPALLE,CHINNNANARYANPUR,423,221,1.0
NALGONDA,NARKETPALLE,CHOUDAM PALLE,175,101,1.0
NALGONDA,NARKETPALLE,MADHAYEDAVALLY,484,322,3.0
NALGONDA,NARKETPALLE,MANDRA,430,238,
NALGONDA,NARKETPALLE,NAKKALA PALLE,403,263,3.0
NALGONDA,NARKETPALLE,NARKETPALLY,1446,670,2.0
NALGONDA,NARKETPALLE,NEMMANI,445,230,1.0
NALGONDA,NARKETPALLE,PALLEPAHAD,251,123,
NALGONDA,NARKETPALLE,SHA PALLE,295,200,
NALGONDA,NARKETPALLE,THONDALVAI,648,409,4.0
NALGONDA,NARKETPALLE,YELLAREDDY GUDA,856,460,1.0
NALGONDA,NEREDCHERLA,ALANGA PURAM,242,142,
NALGONDA,NEREDCHERLA,BETTE THANDA,466,255,2.0
NALGONDA,NEREDCHERLA,BODALA DINNA,119,61,
NALGONDA,NEREDCHERLA,BOTHALAPALEM,490,302,1.0
NALGONDA,NEREDCHERLA,CHILLEPALLI,414,226,3.0
NALGONDA,NEREDCHERLA,DACHARAM,410,272,
NALGONDA,NEREDCHERLA,DIRSENCHERLA,1209,677,6.0
NALGONDA,NEREDCHERLA,FATHEPURAM,499,286,1.0
NALGONDA,NEREDCHERLA,GUDUGUNTLA PALEM,413,241,
NALGONDA,NEREDCHERLA,GUNDLA PAHAD,751,476,1.0
NALGONDA,NEREDCHERLA,JANAPAHAD,981,638,4.0
NALGONDA,NEREDCHERLA,KALLUR,416,236,2.0
NALGONDA,NEREDCHERLA,KANDULAVARIGUDEM,200,101,
NALGONDA,NEREDCHERLA,KOMATIKUNTA,291,150,
NALGONDA,NEREDCHERLA,MEDARAM,483,327,2.0
NALGONDA,NEREDCHERLA,MUKUNDAPURAM,298,200,2.0
NALGONDA,NEREDCHERLA,MUSIVODDU SINGARAM,243,144,
NALGONDA,NEREDCHERLA,NAGIREDDYGUDEM,307,150,2.0
NALGONDA,NEREDCHERLA,NEREDCHERLA,1414,757,6.0
NALGONDA,NEREDCHERLA,PALAKEEDU,273,127,
NALGONDA,NEREDCHERLA,PENCHIKAL DINNE,412,209,2.0
NALGONDA,NEREDCHERLA,RAMPURAM,385,232,5.0
NALGONDA,NEREDCHERLA,RAVIPAHAD,337,180,
NALGONDA,NEREDCHERLA,SAJJAPURAM,237,146,1.0
NALGONDA,NEREDCHERLA,SOMAVARAM,776,466,5.0
NALGONDA,NEREDCHERLA,SUNYA PAHAD,428,263,
NALGONDA,NEREDCHERLA,YELLA PURAM,279,201,2.0
NALGONDA,NIDAMANUR,BANKAPUR,221,126,1.0
NALGONDA,NIDAMANUR,BOKKAMANTHULA PAHAD,341,209,
NALGONDA,NIDAMANUR,DHARMAPUR,572,405,
NALGONDA,NIDAMANUR,GUNTIPALLY,327,206,1.0
NALGONDA,NIDAMANUR,KANNEKAL,678,475,2.0
NALGONDA,NIDAMANUR,MARPAKA,616,427,3.0
NALGONDA,NIDAMANUR,MEGYATHANDA,679,434,2.0
NALGONDA,NIDAMANUR,MUKUNDAPURAM,458,254,1.0
NALGONDA,NIDAMANUR,MUPPARAM,783,516,2.0
NALGONDA,NIDAMANUR,NANDIKONDAVARIGUDA,231,131,2.0
NALGONDA,NIDAMANUR,NARAMMAGUDEM,315,178,
NALGONDA,NIDAMANUR,NEHATAPUR,349,216,2.0
NALGONDA,NIDAMANUR,NIDAMANUR,1124,613,1.0
NALGONDA,NIDAMANUR,RAJANNAGUDA,434,246,1.0
NALGONDA,NIDAMANUR,REGULAGADDA,318,190,
NALGONDA,NIDAMANUR,SAKHAPUR,271,173,
NALGONDA,NIDAMANUR,SUREPALLY,277,164,1.0
NALGONDA,NIDAMANUR,TUMMADAM,1180,686,5.0
NALGONDA,NIDAMANUR,VALLABHAPURAM,305,176,
NALGONDA,NIDAMANUR,VEMPAHAD,248,179,
NALGONDA,NIDAMANUR,VENGANNA GUDEM,174,82,
NALGONDA,NIDAMANUR,VENIGANDLA,215,122,
NALGONDA,NIDAMANUR,VUTKUR,467,264,
NALGONDA,NIDAMANUR,YERRABALLI,621,377,4.0
NALGONDA,NUTHANKAL,BHIKUMALLA,322,227,
NALGONDA,NUTHANKAL,CHANDU PATLA,476,284,3.0
NALGONDA,NUTHANKAL,CHILPA KUNTA,798,540,3.0
NALGONDA,NUTHANKAL,CHINNA NEMILA,572,349,
NALGONDA,NUTHANKAL,DIRISANA PALLE,244,170,3.0
NALGONDA,NUTHANKAL,GANJIVARI KOTHAPALLE,317,204,3.0
NALGONDA,NUTHANKAL,GORENTLA,976,648,5.0
NALGONDA,NUTHANKAL,LINGAM PALLE,527,347,
NALGONDA,NUTHANKAL,MACHAN PALLE,510,386,1.0
NALGONDA,NUTHANKAL,MADDIRALA,1086,660,9.0
NALGONDA,NUTHANKAL,MAMINDLA MADAVA,427,269,
NALGONDA,NUTHANKAL,MIRYALA,1069,722,5.0
NALGONDA,NUTHANKAL,MUKUNDAPURAM,637,397,
NALGONDA,NUTHANKAL,NUTHANKAL,1149,702,2.0
NALGONDA,NUTHANKAL,PEDANEMILA,524,298,1.0
NALGONDA,NUTHANKAL,POLUMALLA,839,548,1.0
NALGONDA,NUTHANKAL,SOMLA THANDA,747,518,3.0
NALGONDA,NUTHANKAL,TALLA SINGARAM,719,442,3.0
NALGONDA,NUTHANKAL,VENKEPALLY,399,220,1.0
NALGONDA,NUTHANKAL,YADAVALLI,560,350,
NALGONDA,NUTHANKAL,YERRA PAHAD,759,499,
NALGONDA,PEDDA ADISERLA PALLE,ANGADIPETA X ROAD,979,632,1.0
NALGONDA,PEDDA ADISERLA PALLE,AZMAPUR,824,500,
NALGONDA,PEDDA ADISERLA PALLE,BHEEMANA PALLI,674,415,3.0
NALGONDA,PEDDA ADISERLA PALLE,CHILAKA MARRY,331,210,
NALGONDA,PEDDA ADISERLA PALLE,DUGYALA,473,307,2.0
NALGONDA,PEDDA ADISERLA PALLE,GHANPUR,588,345,2.0
NALGONDA,PEDDA ADISERLA PALLE,GUDIPALLI,832,459,2.0
NALGONDA,PEDDA ADISERLA PALLE,KESHAMNENI PALLI,409,278,3.0
NALGONDA,PEDDA ADISERLA PALLE,MALLAPURAM,555,365,2.0
NALGONDA,PEDDA ADISERLA PALLE,MEDARAM,673,428,
NALGONDA,PEDDA ADISERLA PALLE,NAMBAPURAM,765,583,1.0
NALGONDA,PEDDA ADISERLA PALLE,PEDDA ADISERLA PALLI,1128,742,6.0
NALGONDA,PEDDA ADISERLA PALLE,PERVAL,940,713,3.0
NALGONDA,PEDDA ADISERLA PALLE,POLKAMPALLI,697,486,3.0
NALGONDA,PEDDA ADISERLA PALLE,RAMPURAM,429,309,1.0
NALGONDA,PEDDA ADISERLA PALLE,TIRUMALAGIRI(P.DUGYAL),444,293,1.0
NALGONDA,PEDDA ADISERLA PALLE,VADDIPATLA,1484,1075,2.0
NALGONDA,PEDDAVOORA,CHALA KURTHY,3362,1715,6.0
NALGONDA,PEDDAVOORA,CHINTALA PALEM,1892,1436,4.0
NALGONDA,PEDDAVOORA,KOTHALUR,354,227,
NALGONDA,PEDDAVOORA,NELLIKAL,1510,1077,2.0
NALGONDA,PEDDAVOORA,PARVEDULA,1011,654,3.0
NALGONDA,PEDDAVOORA,PEDDAVURA,1233,711,4.0
NALGONDA,PEDDAVOORA,PINNAVURA,104,63,
NALGONDA,PEDDAVOORA,POTHNUR,526,344,1.0
NALGONDA,PEDDAVOORA,PULICHERLA,1093,772,4.0
NALGONDA,PEDDAVOORA,SIRASANA GANDLA,617,425,
NALGONDA,PEDDAVOORA,TEPPALA MADUGU,375,259,1.0
NALGONDA,PEDDAVOORA,THUNGATHURTHY,1367,801,1.0
NALGONDA,PEDDAVOORA,THUNIKI NUTHULA,720,561,3.0
NALGONDA,PEDDAVOORA,VELMAGUDA,962,614,1.0
NALGONDA,PEDDAVOORA,VUTLAPALLI,649,385,2.0
NALGONDA,PENPAHAD,ANAJIPURAM,496,316,1.0
NALGONDA,PENPAHAD,ANATHARAM,659,384,2.0
NALGONDA,PENPAHAD,BHAKHTHALAPURAM,398,242,1.0
NALGONDA,PENPAHAD,CHEEDELLA,986,650,
NALGONDA,PENPAHAD,DHARMAPURAM,545,417,2.0
NALGONDA,PENPAHAD,DOSAPAHAD,494,277,
NALGONDA,PENPAHAD,DUPAHAD,576,361,1.0
NALGONDA,PENPAHAD,GAJULAMALKAPURAM,714,475,1.0
NALGONDA,PENPAHAD,LINGALA,436,274,2.0
NALGONDA,PENPAHAD,MACHARAM,581,375,2.0
NALGONDA,PENPAHAD,MOHAMMADAPURAM,326,203,1.0
NALGONDA,PENPAHAD,MUKUNDAPURAM,441,307,2.0
NALGONDA,PENPAHAD,N.ANNARAM,693,423,
NALGONDA,PENPAHAD,NARAYANGUDEM,380,242,
NALGONDA,PENPAHAD,PENPAHAD,596,321,3.0
NALGONDA,PENPAHAD,POTLA PAHAD,389,214,
NALGONDA,PENPAHAD,SINGAREDDY PALEM,471,327,
NALGONDA,POCHAMPALLE,BHEEMAN PALLE,297,173,1.0
NALGONDA,POCHAMPALLE,DANTHUR,251,181,2.0
NALGONDA,POCHAMPALLE,DESHMUKHI,270,166,2.0
NALGONDA,POCHAMPALLE,DOTHIGUDA,332,198,2.0
NALGONDA,POCHAMPALLE,GOUSE KONDA,340,218,1.0
NALGONDA,POCHAMPALLE,INDRIYALA,561,378,4.0
NALGONDA,POCHAMPALLE,JAGATTH PALLE,161,105,
NALGONDA,POCHAMPALLE,JALAL PUR,235,138,
NALGONDA,POCHAMPALLE,JIBLAK PALLE,405,234,
NALGONDA,POCHAMPALLE,JULUR,874,524,
NALGONDA,POCHAMPALLE,KANUMUKLA,229,131,
NALGONDA,POCHAMPALLE,KHAPRAI PALLE,349,237,
NALGONDA,POCHAMPALLE,MEHAR NAGAR,147,85,
NALGONDA,POCHAMPALLE,MUKTHAPUR,466,298,
NALGONDA,POCHAMPALLE,PEDDA RAVULA PALLE,417,259,1.0
NALGONDA,POCHAMPALLE,PEDDAGUDEM,377,206,1.0
NALGONDA,POCHAMPALLE,PILLAI PALLE,522,308,2.0
NALGONDA,POCHAMPALLE,POCHAMPALLY,2274,1218,12.0
NALGONDA,POCHAMPALLE,REVAN PALLY,362,223,
NALGONDA,POCHAMPALLE,SHIVAREDIGUDEM,342,187,1.0
NALGONDA,POCHAMPALLE,VANKA MAMIDI,436,235,1.0
NALGONDA,RAJAPET,BASANTHAPUR,88,41,
NALGONDA,RAJAPET,BEGUMPET,604,358,
NALGONDA,RAJAPET,BHURUGU PALLE,116,51,
NALGONDA,RAJAPET,BONDUGULA,840,506,2.0
NALGONDA,RAJAPET,CHALLUR,558,327,
NALGONDA,RAJAPET,DOODI VENKATAPUR,381,223,
NALGONDA,RAJAPET,JALA,282,190,
NALGONDA,RAJAPET,KALAPALLE,191,97,1.0
NALGONDA,RAJAPET,KURRARAM,308,178,
NALGONDA,RAJAPET,NARSAPUR,223,159,4.0
NALGONDA,RAJAPET,NEMLA,660,363,3.0
NALGONDA,RAJAPET,PAMUKUNTA,614,366,1.0
NALGONDA,RAJAPET,PARU PALLI,329,162,1.0
NALGONDA,RAJAPET,PUTTAGUDEM,428,301,1.0
NALGONDA,RAJAPET,RAGHUNATHPUR,801,379,1.0
NALGONDA,RAJAPET,RAJAPET,807,420,8.0
NALGONDA,RAJAPET,RENIKUNTA,468,219,
NALGONDA,RAJAPET,SINGARAM,484,285,3.0
NALGONDA,RAJAPET,SOMARAM,453,233,1.0
NALGONDA,RAMANNAPETA,BOGARAM,343,178,
NALGONDA,RAMANNAPETA,DUBBAKA,459,242,1.0
NALGONDA,RAMANNAPETA,ISKILLA,343,204,
NALGONDA,RAMANNAPETA,JANAMA PALLE,456,294,1.0
NALGONDA,RAMANNAPETA,KAKKIRENI,622,403,
NALGONDA,RAMANNAPETA,KUNKUDU PAMULA,188,155,
NALGONDA,RAMANNAPETA,LAXMA PURAM,435,251,1.0
NALGONDA,RAMANNAPETA,MUNI PANPULA,584,318,1.0
NALGONDA,RAMANNAPETA,NEERNEMULA,413,222,
NALGONDA,RAMANNAPETA,NIDHANAPALLE,243,147,2.0
NALGONDA,RAMANNAPETA,PALLIWADA,460,263,
NALGONDA,RAMANNAPETA,RAMANNAPET,1619,841,1.0
NALGONDA,RAMANNAPETA,SARNENI GUDEM,356,270,
NALGONDA,RAMANNAPETA,SHOBANADRIPURAM,409,281,1.0
NALGONDA,RAMANNAPETA,SIRIPURAM,828,409,2.0
NALGONDA,RAMANNAPETA,SURARAM,557,402,2.0
NALGONDA,RAMANNAPETA,THUMMALAGUDA,1160,624,2.0
NALGONDA,RAMANNAPETA,UTHATOOR,281,167,
NALGONDA,RAMANNAPETA,YELLANKI,884,493,3.0
NALGONDA,RAMANNAPETA,YENNARAM,482,355,1.0
NALGONDA,SALI GOURARAM,ADLUR,632,354,2.0
NALGONDA,SALI GOURARAM,AKARAM,787,478,
NALGONDA,SALI GOURARAM,AMBARIPETA,465,313,3.0
NALGONDA,SALI GOURARAM,BAIRONI BANDA,402,297,1.0
NALGONDA,SALI GOURARAM,CHITTALUR,804,481,4.0
NALGONDA,SALI GOURARAM,GURIJALA,500,279,
NALGONDA,SALI GOURARAM,ITUKULA PAHAD,631,325,1.0
NALGONDA,SALI GOURARAM,MADARAM KALAN,693,369,6.0
NALGONDA,SALI GOURARAM,MANIMADDE,364,214,1.0
NALGONDA,SALI GOURARAM,NULAGADDA KOTHAPALLI,407,284,3.0
NALGONDA,SALI GOURARAM,PERKA KONDARAM,685,361,
NALGONDA,SALI GOURARAM,RAMANUJAPURAM,218,149,
NALGONDA,SALI GOURARAM,SALIGOURARAM,1327,785,6.0
NALGONDA,SALI GOURARAM,THAKKELLAPAHAD,324,197,
NALGONDA,SALI GOURARAM,TUDIMIDI,190,131,
NALGONDA,SALI GOURARAM,UPPALANCHA,180,121,
NALGONDA,SALI GOURARAM,UTUKUR,673,413,
NALGONDA,SALI GOURARAM,VALLALA,785,453,2.0
NALGONDA,SALI GOURARAM,VANGAMARTHI,529,309,2.0
NALGONDA,SURYAPET,BALEMLA,1185,734,2.0
NALGONDA,SURYAPET,DASAIGUDEM,554,316,2.0
NALGONDA,SURYAPET,GANDHINAGAR,623,367,
NALGONDA,SURYAPET,IMAMPET,686,421,2.0
NALGONDA,SURYAPET,KASARABAD,693,445,1.0
NALGONDA,SURYAPET,KESARAM,854,559,5.0
NALGONDA,SURYAPET,KONKATHIMMANI ANNARAM,409,202,3.0
NALGONDA,SURYAPET,PILLALA MARRI,896,551,1.0
NALGONDA,SURYAPET,PINNAI PALEM,452,267,
NALGONDA,SURYAPET,RAMACHANDRA PURAM,460,255,
NALGONDA,SURYAPET,RAMANNAGUDA,120,71,
NALGONDA,SURYAPET,RAMAVARAM,518,295,
NALGONDA,SURYAPET,RAYANIGUDEM,480,235,
NALGONDA,SURYAPET,SOLIPET,273,149,1.0
NALGONDA,SURYAPET,TEKUMATLA,891,484,1.0
NALGONDA,SURYAPET,THALLA KHAMMAMPADU,588,407,2.0
NALGONDA,SURYAPET,YENDLA PALLE,919,461,4.0
NALGONDA,SURYAPET,YERKARAM,1027,639,
NALGONDA,THIPPARTHI,A.DUPPALA PALLE,354,218,1.0
NALGONDA,THIPPARTHI,CHERUVU PALLE,391,190,
NALGONDA,THIPPARTHI,CHINA SURARAM,292,163,
NALGONDA,THIPPARTHI,DACHARAM,254,184,1.0
NALGONDA,THIPPARTHI,GADDIKONDARAM,176,124,
NALGONDA,THIPPARTHI,GODARIGUDEM,257,179,2.0
NALGONDA,THIPPARTHI,INDLOOR,597,427,
NALGONDA,THIPPARTHI,INDUGULA,494,319,1.0
NALGONDA,THIPPARTHI,JANGAMREDDI GUDEM,513,318,3.0
NALGONDA,THIPPARTHI,KANKANALA PALLE,121,75,1.0
NALGONDA,THIPPARTHI,KOTHAGUDEM,120,70,
NALGONDA,THIPPARTHI,MADUGULA PALLE,536,275,2.0
NALGONDA,THIPPARTHI,MAMIDALA,763,497,4.0
NALGONDA,THIPPARTHI,PAJJUR,505,306,
NALGONDA,THIPPARTHI,RAJUPETA,883,575,4.0
NALGONDA,THIPPARTHI,SARVARAM,471,330,
NALGONDA,THIPPARTHI,SURARAM,454,274,
NALGONDA,THIPPARTHI,THANEDAR PALLE ,521,280,
NALGONDA,THIPPARTHI,THIPPARTHI,1196,666,5.0
NALGONDA,THIPPARTHI,YELLAMMAGUDEM,186,108,2.0
NALGONDA,THIPPARTHI,YERRAGADDALAGUDEM,395,249,2.0
NALGONDA,THIRUMALGIRI,ANANTHARAM,328,212,
NALGONDA,THIRUMALGIRI,BANDLA PALLE,266,179,1.0
NALGONDA,THIRUMALGIRI,ETOOR,890,550,2.0
NALGONDA,THIRUMALGIRI,GUNDEPURI,749,496,2.0
NALGONDA,THIRUMALGIRI,JALAL PURAM,758,526,7.0
NALGONDA,THIRUMALGIRI,MALI PURAM,573,311,3.0
NALGONDA,THIRUMALGIRI,MAMIDI PALLE,425,290,1.0
NALGONDA,THIRUMALGIRI,MAMIDIYALA,559,381,1.0
NALGONDA,THIRUMALGIRI,NANDAPURAM,366,254,
NALGONDA,THIRUMALGIRI,PHANIGIRI,1007,572,
NALGONDA,THIRUMALGIRI,THATI PAMULA,929,622,
NALGONDA,THIRUMALGIRI,THIRUMALAGIRI,2297,1287,2.0
NALGONDA,THIRUMALGIRI,THONDA,992,667,5.0
NALGONDA,THIRUMALGIRI,VELCHALA,1009,646,5.0
NALGONDA,THRIPURARAM, NEELAIAHGUDEM,482,215,
NALGONDA,THRIPURARAM,ABHANGA PURAM,225,168,1.0
NALGONDA,THRIPURARAM,ANJANA PALLE,505,243,2.0
NALGONDA,THRIPURARAM,ANNARAM,214,143,1.0
NALGONDA,THRIPURARAM,APPALAMMAGUDA,626,387,
NALGONDA,THRIPURARAM,BABASAHEBPET,346,200,
NALGONDA,THRIPURARAM,BEJJIKAL,265,114,1.0
NALGONDA,THRIPURARAM,BORRAI PALEM,406,237,
NALGONDA,THRIPURARAM,BRUNDAVANPUR,12,4,
NALGONDA,THRIPURARAM,CHENNAIPALEM,433,212,2.0
NALGONDA,THRIPURARAM,DONKATHANDA,574,369,
NALGONDA,THRIPURARAM,DUGGE PALLE,360,212,
NALGONDA,THRIPURARAM,GAJALAPUR,275,173,1.0
NALGONDA,THRIPURARAM,KAMPA SAGAR,340,205,
NALGONDA,THRIPURARAM,KAMPALA PALLE,213,128,
NALGONDA,THRIPURARAM,KONTHALA PALLE,479,267,
NALGONDA,THRIPURARAM,MARRIGUDA,170,88,3.0
NALGONDA,THRIPURARAM,MATUR,865,506,4.0
NALGONDA,THRIPURARAM,PALUGU THANDA,581,369,1.0
NALGONDA,THRIPURARAM,PEDDA DEVULA PALLE,982,580,5.0
NALGONDA,THRIPURARAM,POOSALA PAHAD,189,135,
NALGONDA,THRIPURARAM,RAGADAPA,418,295,
NALGONDA,THRIPURARAM,SATYANARAYANAPURAM,242,153,1.0
NALGONDA,THRIPURARAM,THRIPURARAM,1148,653,2.0
NALGONDA,THUNGATHURTHI,ANNARAM,1039,650,3.0
NALGONDA,THUNGATHURTHI,BANDARAMARAM,645,415,4.0
NALGONDA,THUNGATHURTHI,GANUGUBANDA,422,282,1.0
NALGONDA,THUNGATHURTHI,GOTTIPARTHY,1054,639,7.0
NALGONDA,THUNGATHURTHI,GUMMADAVALLY,565,338,2.0
NALGONDA,THUNGATHURTHI,KARIVIRALA,740,482,1.0
NALGONDA,THUNGATHURTHI,KUKKADAM,737,482,
NALGONDA,THUNGATHURTHI,MANAPUR,423,304,1.0
NALGONDA,THUNGATHURTHI,PASNUR,916,626,4.0
NALGONDA,THUNGATHURTHI,PASTHALA,706,488,5.0
NALGONDA,THUNGATHURTHI,RAMACHANDRAPUR,144,84,
NALGONDA,THUNGATHURTHI,RAVULA PALLE,677,483,2.0
NALGONDA,THUNGATHURTHI,REDDIGUDA,404,257,1.0
NALGONDA,THUNGATHURTHI,SANGEM,688,483,
NALGONDA,THUNGATHURTHI,THUNGATHURTHI,1376,810,5.0
NALGONDA,THUNGATHURTHI,THURUPUGUDA,454,283,4.0
NALGONDA,THUNGATHURTHI,VELUG PALLE,1085,702,4.0
NALGONDA,THUNGATHURTHI,VEMPATI,1395,898,3.0
NALGONDA,VALIGONDA,ARRUR,904,512,
NALGONDA,VALIGONDA,CHITTAPUR,232,167,2.0
NALGONDA,VALIGONDA,EDULLAGUDEM,306,177,1.0
NALGONDA,VALIGONDA,GOKARAM,641,424,4.0
NALGONDA,VALIGONDA,GOLLE PALLE,457,319,
NALGONDA,VALIGONDA,GOPARAJPALLE,214,126,1.0
NALGONDA,VALIGONDA,GURNATH PALLY,152,79,
NALGONDA,VALIGONDA,KANCHAN PALLE,233,161,
NALGONDA,VALIGONDA,KERCHUPALLY,184,118,1.0
NALGONDA,VALIGONDA,LINGARAJAPALLY,221,112,
NALGONDA,VALIGONDA,LOTHU KUNTA,187,125,
NALGONDA,VALIGONDA,M.TURKAPALLY,322,200,1.0
NALGONDA,VALIGONDA,MAMDAPUR,123,73,
NALGONDA,VALIGONDA,MOGILIPAKA,274,200,2.0
NALGONDA,VALIGONDA,NAGARAM,347,193,2.0
NALGONDA,VALIGONDA,NATHALLAGUDEM,261,137,
NALGONDA,VALIGONDA,NEMILI KALAWA,95,48,
NALGONDA,VALIGONDA,PAHILWANPUR,380,203,1.0
NALGONDA,VALIGONDA,PODDATUR,266,159,
NALGONDA,VALIGONDA,PULIGILLA,754,436,3.0
NALGONDA,VALIGONDA,REDLA REPAKA,536,325,1.0
NALGONDA,VALIGONDA,SANGAM,600,407,1.0
NALGONDA,VALIGONDA,SUNKI SHALA,229,140,
NALGONDA,VALIGONDA,TEKULA SOMARAM,299,162,2.0
NALGONDA,VALIGONDA,VALIGONDA,1182,683,5.0
NALGONDA,VALIGONDA,VELVERTHY,699,400,2.0
NALGONDA,VALIGONDA,VEMALKONDA,460,286,3.0
NALGONDA,VALIGONDA,VENKATAPUR,293,205,
NALGONDA,VALIGONDA,VERKAT PALLE,298,162,
NALGONDA,VEMULAPALLE,AGAMOTHKUR,439,308,
NALGONDA,VEMULAPALLE,AMANGAL,983,619,1.0
NALGONDA,VEMULAPALLE,ANNAPAREDDIGUDA,172,90,
NALGONDA,VEMULAPALLE,BHEEMAN PALLE,283,168,
NALGONDA,VEMULAPALLE,BOMMAKAL,273,196,1.0
NALGONDA,VEMULAPALLE,CHIRUMARTHY,334,181,
NALGONDA,VEMULAPALLE,GURRAPPAGUDEM,267,179,
NALGONDA,VEMULAPALLE,KALVALAPALEM,214,138,1.0
NALGONDA,VEMULAPALLE,KAMEPALLE,211,108,
NALGONDA,VEMULAPALLE,KUKKADAM,660,363,2.0
NALGONDA,VEMULAPALLE,MOLKA PATNAM,427,304,
NALGONDA,VEMULAPALLE,PAMULAPAHAD,633,368,2.0
NALGONDA,VEMULAPALLE,POREDDIGUDEM,151,75,
NALGONDA,VEMULAPALLE,RAVULA PENTA,851,495,2.0
NALGONDA,VEMULAPALLE,SALKUNOOR,601,380,2.0
NALGONDA,VEMULAPALLE,SETTIPALEM,844,470,4.0
NALGONDA,VEMULAPALLE,THIMMAREDDIGUDA,174,114,2.0
NALGONDA,VEMULAPALLE,THOPUCHERLA,872,524,2.0
NALGONDA,VEMULAPALLE,VEMULA PALLE,1013,605,4.0
NALGONDA,YADAGIRIGUTTA,BABUPET,270,164,2.0
NALGONDA,YADAGIRIGUTTA,CHINNAKANDUKUR,415,258,1.0
NALGONDA,YADAGIRIGUTTA,CHOLLER,434,259,1.0
NALGONDA,YADAGIRIGUTTA,DATHAR PALLE,502,347,
NALGONDA,YADAGIRIGUTTA,GOWRAIPALLE,574,297,2.0
NALGONDA,YADAGIRIGUTTA,JANGAM PALLE,164,101,
NALGONDA,YADAGIRIGUTTA,KACHARAM,497,316,
NALGONDA,YADAGIRIGUTTA,MAHABUBPET,163,119,2.0
NALGONDA,YADAGIRIGUTTA,MALLAPUR,761,492,1.0
NALGONDA,YADAGIRIGUTTA,MASAIPET,526,300,1.0
NALGONDA,YADAGIRIGUTTA,MOOTA KONDUR,985,574,3.0
NALGONDA,YADAGIRIGUTTA,PEDDA KANDUKUR,304,161,1.0
NALGONDA,YADAGIRIGUTTA,RALLAJANGAM,244,165,1.0
NALGONDA,YADAGIRIGUTTA,RAMOJIPET,196,107,
NALGONDA,YADAGIRIGUTTA,SADU VELLE,407,185,1.0
NALGONDA,YADAGIRIGUTTA,SAIDAPUR,243,140,1.0
NALGONDA,YADAGIRIGUTTA,THALLA GUDEM,78,27,
NALGONDA,YADAGIRIGUTTA,VANGA PALLY,488,278,
NALGONDA,YADAGIRIGUTTA,VARTOOR,326,186,4.0
NALGONDA,YADAGIRIGUTTA,YADAGIRI GUTTA,2478,1297,9.0
